epoch,train_loss,train_r2,val_loss,val_r2,val_corr
1,1.0260352683298797,-0.012871854711938413,0.9400496731959442,0.004956905795738598,0.07144355363644714
2,1.0111063238486504,-0.002898399013256281,0.9346723435781873,0.0106487970656578,0.10480169942331921
3,1.0102063212001209,0.001979121120774696,0.9317411946915795,0.013751443846993117,0.11938159964800496
4,1.0058934786944713,0.003102967948275581,0.9300893062931361,0.015499971283012282,0.1267611660396554
5,1.0084355693419003,0.0062023971520309695,0.9289415529255753,0.01671486296828384,0.1323020204536916
6,0.9987155193264045,0.008175261918535792,0.9281014944446603,0.017604059111084536,0.13584718266286638
7,1.0064165783159942,0.00851478851680143,0.9275106374922142,0.018229493309375178,0.138660036342179
8,0.9967868021390971,0.013155101667705504,0.9270076105840472,0.01876194194331826,0.14100397983335097
9,0.9991666292681277,0.010663768246618632,0.9265868289940528,0.019207337737511154,0.1437104830420705
10,1.000786845545167,0.010087880987677544,0.9259566071194945,0.019874422409875137,0.14545679851996596
11,1.0018413558747004,0.01210874540916207,0.9254090992178111,0.020453978009292384,0.14699326989705042
12,0.9972016513347626,0.010840251201949758,0.9251452148724358,0.02073328672219965,0.14869548903489493
13,0.9927939703163592,0.015466952127391687,0.9248626185598134,0.021032417729016317,0.14978285651460743
14,0.991569364533841,0.016002169080878814,0.9245341299800628,0.021380116737537813,0.15109030227809345
15,0.9947649489328699,0.015744449908298375,0.9240329248138577,0.021910646181272808,0.1530655053058287
16,0.9973018134681924,0.015389486490636983,0.9239708102280371,0.02197639424823916,0.1538552931077909
17,0.99068677078173,0.01789750340788543,0.923498992697359,0.022475807826217387,0.15541392939409576
18,0.9875505494261251,0.019167486863862715,0.9232134526280676,0.022778065917605117,0.15664370103348454
19,0.9979459816969715,0.017078294367334323,0.9230275625423224,0.02297480628147197,0.1570411768737579
20,0.9891854275777502,0.0178284320756249,0.9225705828588135,0.02345855651592088,0.15907039899345732
21,0.993373183081451,0.01943811941115292,0.9223753679009601,0.02366517284226488,0.16141540403636923
22,0.9920154040299572,0.018875741184958494,0.9220899203116025,0.023967325399725903,0.1625376357367376
23,0.9944845767854487,0.020763473263087584,0.9217334074752952,0.024344677970135065,0.16326993078237664
24,0.9930694959696057,0.02193466571366942,0.9211242522969342,0.02498946963272508,0.1641927175232721
25,0.9841498443223897,0.02372629014657668,0.9208888674087827,0.025238635578786472,0.16515085088341216
26,0.9864421463707118,0.022837871581270153,0.9206799903681105,0.0254597320266704,0.16642188697744428
27,0.9819953077047774,0.028364821244915128,0.9203437965697381,0.025815584162855787,0.16608994233647945
28,0.986237928705308,0.02438252382096584,0.9200707928591781,0.026104564106782635,0.16721871403186073
29,0.9773665874907114,0.029919138032547754,0.9198029199120764,0.026388103488686365,0.16737820286089092
30,0.9783720411721942,0.028464922094135092,0.9194365612176078,0.026775905322947158,0.1690990061003457
31,0.9784429680953906,0.028961278981352034,0.9190588328371403,0.02717573264715767,0.16970339995797176
32,0.9793400451974962,0.03286854774132286,0.9186934715294852,0.02756246684418351,0.17139874894525628
33,0.9796709927540381,0.032213813368966226,0.9182957713745076,0.027983437658976484,0.1725641331966526
34,0.9816144664310714,0.03039805316179356,0.9178960358972881,0.02840654769913209,0.1740424436434182
35,0.9778413868066177,0.032580589727020715,0.917549502929585,0.028773356870157918,0.1742312262488363
36,0.9781168994394321,0.03176270793899105,0.9174389039837346,0.028890420657672666,0.17435580279928492
37,0.9713418518455283,0.03595382787585921,0.9171738294001539,0.029170989053474927,0.1754822406154699
38,0.9700691031599508,0.038048191311012225,0.9169097370749352,0.02945052667303516,0.17701801727456443
39,0.9774911264771396,0.036254150233857585,0.9166781097523246,0.029695704923867416,0.17814283403106496
40,0.9701861895403816,0.03605232703350314,0.9164969149415562,0.029887519865877454,0.17869494690715207
41,0.972368192325518,0.037066732367978084,0.9161331785241593,0.030272535201987028,0.17917099968258948
42,0.972650548208107,0.037259160959402626,0.9156796783481596,0.03075258122076563,0.18081313066197213
43,0.9766125910490462,0.0378652607167298,0.9154031493447043,0.031045288899629875,0.18257866661080846
44,0.9731119023364725,0.03864598784931428,0.915085483608339,0.03138152153940277,0.1833737063175111
45,0.9712172706150314,0.03909386647211621,0.9148528308603661,0.031627781186978066,0.18396029292536
46,0.9644972479459152,0.04332616642211107,0.9145336381686469,0.031965649318645206,0.1836334709521205
47,0.973116199947098,0.0388853229763495,0.9143330777033282,0.03217792029438893,0.18514584143164173
48,0.9656434608894644,0.043276360506439904,0.9139681707583527,0.032564201601355314,0.18487588198013807
49,0.9717940456658891,0.04115763392597627,0.9138588151093879,0.03267995056982631,0.18507555019287972
50,0.9688806261831117,0.040604715366067023,0.9138159086749349,0.03272535260780063,0.18593087197067087
51,0.9630377897359792,0.04588538792815555,0.9137580317284292,0.032786624255498165,0.18516381732377665
52,0.9639341689429237,0.04368216220705845,0.9134316107643458,0.03313212441208979,0.18625497812689862
53,0.963947616734551,0.043000402673154414,0.9132884226971243,0.03328370876395903,0.1873707038258607
54,0.966441215241997,0.047607413657935305,0.9132039232396585,0.03337315102131988,0.1880728851814068
55,0.9670155728326261,0.04416831998588022,0.9129667789780417,0.03362417442685306,0.1877986642502726
56,0.9605072898772157,0.04665593036387228,0.9125624368145671,0.03405217634024116,0.18864050789645267
57,0.9674791549015971,0.04545995009955428,0.9122570339610767,0.0343754293922508,0.18964731851638483
58,0.9598432348191159,0.05263630528564234,0.912081496172958,0.03456123560723379,0.18925436613685542
59,0.953284213554512,0.053772242840127604,0.9120779920453485,0.03456493712340414,0.18968253426695614
60,0.9594381029166065,0.0497762523965366,0.912014452112092,0.03463220401280265,0.189666893592546
61,0.9573505763868684,0.052542479470175985,0.9113159236782858,0.035371601214157944,0.19163769156190516
62,0.9600990232333396,0.05164864016838211,0.9109902465903519,0.03571632562408755,0.19288188486705504
63,0.9558288287190557,0.05221173345045749,0.9108339037162054,0.035881813445838406,0.1929497271969539
64,0.9552006895102344,0.05311712033545557,0.9104533476244756,0.03628464312018298,0.19372904267897162
65,0.9565035084497582,0.05671393117070356,0.9101392996973058,0.036617055613242244,0.19469173275001841
66,0.9493479482757236,0.060798061803733816,0.9100206580519894,0.036742643012023235,0.194422775303704
67,0.9563809992040245,0.054628544538454116,0.9099790471003069,0.03678670349618973,0.1940340489679681
68,0.956111932263791,0.05608810476901649,0.9099214750502879,0.036847615407988754,0.1952565702735778
69,0.9558603769367181,0.05509256576378174,0.9099208493651669,0.036848292547100314,0.19512753031730126
70,0.9514702324149678,0.056938380346043704,0.909444390600087,0.03735262776686299,0.19575767580317388
71,0.95227041811619,0.05638661065671324,0.909180382317781,0.03763205220590182,0.19730405488204866
72,0.9474183034549639,0.06207390897536347,0.9088519614887645,0.037979700315574516,0.19839329273178316
73,0.9455946649162514,0.06195021234865605,0.9088062727647703,0.03802807618735815,0.19740503242759394
74,0.9473443696799787,0.06264523682393641,0.908911794733172,0.03791636783508612,0.197886349752154
75,0.94875352706724,0.06273250320157164,0.9083721541354683,0.03848758237672911,0.19823838807169347
76,0.9448396224998733,0.06331777492348845,0.9082182008293506,0.03865054616894492,0.1991944600433365
77,0.9483379082193653,0.06341908796904872,0.9078799821459135,0.03900855068391784,0.2001494591340823
78,0.94201647049015,0.06521572649607565,0.9075111546045109,0.03939894600499905,0.2010771956539574
79,0.9410572526524368,0.06814320357853765,0.9074371816764305,0.03947727234677634,0.2009847736888794
80,0.9470152079480366,0.06232003290183974,0.9075703004862639,0.039336335029475755,0.20045009012883164
81,0.9409795137285029,0.06762874757699355,0.9078091181510102,0.039083547700899834,0.1995009390939823
82,0.9445280939051248,0.0639560924603978,0.907497279923307,0.03941363202164694,0.20099503365490043
83,0.9391288132343477,0.06925482248183201,0.9071378734069601,0.039794058841140734,0.2014474305509019
84,0.9459107170984583,0.06736567759414791,0.9070423935665598,0.03989513807353007,0.20220531897851787
85,0.9355277037157596,0.07219053969790723,0.9067847763641059,0.04016782660985185,0.20282259516599582
86,0.9388783950250126,0.07148897160748324,0.9067214708491169,0.04023483694194685,0.20273559589200524
87,0.9341745399734349,0.07372197386802304,0.9067236448367098,0.04023253558320139,0.20276611536464656
88,0.934019202456891,0.07317457221638601,0.9067448876920889,0.0402100469137644,0.2026834016042319
89,0.9413633931030347,0.06982042911485653,0.9068719935969946,0.04007550643710722,0.20249653397331802
90,0.9359245233744093,0.07354318766513457,0.9067549326566751,0.04019942601233939,0.20284941826466818
91,0.9365829489763501,0.07111448797290665,0.9066177281466398,0.040344630504256296,0.20322162047869796
92,0.9280921064534233,0.07783102585328217,0.906501405082002,0.04046776807685948,0.20367439781206148
93,0.9317481899724424,0.07701190815188841,0.906367450643415,0.04060956580537989,0.2039700831004936
94,0.9253568542235105,0.08292197747231078,0.9067503116420306,0.04020430823261223,0.2028885477600115
95,0.9318836545481265,0.07529758218574623,0.9064619070949752,0.04050960396256931,0.20361465602681803
96,0.9286193300798101,0.07835346383048591,0.9063720479834873,0.04060469079087281,0.2040236052674351
97,0.9317361724029467,0.07722871797754083,0.9064663376220484,0.040504880581157754,0.20398167899717626
98,0.9301357107255065,0.07744795515059955,0.9066486903048638,0.04031186834242928,0.20354024896757522
99,0.9343030643694609,0.0771099187661275,0.9068103005712973,0.04014079942458848,0.20334937256875069
100,0.9311431258627512,0.08102313405013839,0.9068872791154127,0.04005934153307655,0.20328732437687588
101,0.9303610209122445,0.07864972625260347,0.9067840909288742,0.04016854203658071,0.20348816031420422
102,0.9257862449271007,0.0844090868556786,0.9065986475688499,0.04036484594856338,0.20425141988664788
103,0.9289244124032918,0.08238050286621645,0.906635107864615,0.04032625633351228,0.20452740034460618
104,0.9260513105438751,0.08252007158385899,0.9062560776736113,0.04072746529768689,0.20523580684025838
105,0.9241068073846761,0.08298377816879043,0.9058523005359852,0.041154852522930496,0.20637688741437857
106,0.9286650346899495,0.08291061524981969,0.9059592103943583,0.04104169598531748,0.20622008179547607
107,0.9205061561852983,0.08749017745471366,0.905977631175278,0.04102218726978668,0.20641230413385944
108,0.9237057960149154,0.08335045977570255,0.9058960749653507,0.041108508942645505,0.20638482822657134
109,0.9227549610207382,0.0845630966834292,0.905972561834788,0.04102755238003153,0.20630994848647286
110,0.9207958145049012,0.08837136593024475,0.9063512311613072,0.04062672138570689,0.20557607878116083
111,0.9205477503896917,0.08807972781315143,0.9066931083843867,0.04026485286118331,0.20519594852000814
112,0.9187480813091241,0.08827124144311482,0.9068134036494727,0.040137520077427324,0.2052482750355803
113,0.9241497299624878,0.08740099626670172,0.9070936388326463,0.03984089348979014,0.20465674648310592
114,0.9166016350093397,0.09228552572260962,0.906634832570435,0.04032653896181315,0.2059834789333148
115,0.91698268663536,0.09312997960063518,0.906386826407844,0.040589052547923554,0.20672479939268404
116,0.9212314885796853,0.08976662290261161,0.9061862355037896,0.04080137864990241,0.20741802465144082
117,0.9147315598228603,0.09273365141791368,0.9060101448725898,0.04098776199761078,0.20772947327873328
118,0.9163813920854365,0.09623955044016419,0.9059033948448535,0.04110076791105599,0.2090399481612492
119,0.921975634630444,0.09112470941213457,0.9057911797730642,0.041219555755245385,0.2083730868742969
120,0.9171778675421928,0.08944503030907247,0.905708680980594,0.04130686869202982,0.2088898754080844
121,0.913204978970648,0.09931248391502023,0.905958140965567,0.04104281048233849,0.20800767042304483
122,0.9138376304825533,0.09353900552223837,0.9059554813037637,0.04104563187048604,0.20805525576278067
123,0.9183703603096378,0.09006394599171441,0.9060908658174278,0.04090233317540948,0.20782985652290542
124,0.9176150783173089,0.09166356503646955,0.9067789112525134,0.04017403216691173,0.2065775864669801
125,0.9164964660857488,0.09921886071255814,0.9065772601567513,0.04038747000250997,0.20750781287095596
126,0.9180466929107036,0.0936614677000479,0.9064904071340625,0.04047941552922496,0.2077572136509121
127,0.9114371199630996,0.09902403240678181,0.9063119870849758,0.04066826119303968,0.20835956744886067
128,0.9083141965194813,0.1009556168717578,0.9065316662037787,0.04043573159002389,0.20731236861088337
129,0.9117757753261084,0.09664325481930658,0.9063257400112373,0.040653716204996915,0.20793253579962473
130,0.9159958426234791,0.0971716879621698,0.9061185753585508,0.040872992402913644,0.20943409380955744
131,0.9100204341619917,0.09687465133109141,0.9065107470827178,0.04045788563851227,0.20790890820201602
132,0.9049223583300137,0.10455949167626322,0.9061900373636913,0.04079734072840724,0.209350525441279
133,0.8997447085612028,0.10697078458434184,0.9063926829369494,0.04058283794255502,0.20946883381370573
134,0.9023936628137977,0.10375593682411266,0.9064701418094041,0.04050085665304903,0.20952855619132682
135,0.910091167514764,0.09990079091015824,0.9066638938896244,0.040295777200039185,0.20923728566022534
136,0.9017334192701913,0.10662344044362027,0.9069437644989334,0.039999539767200054,0.2087109122191163
137,0.9068761146762996,0.10057793448253205,0.9071859345340089,0.03974318625792628,0.20776302110142336
138,0.9070658012501245,0.09982914374947172,0.9069069887240389,0.04003845066050693,0.20933656783389112
139,0.899852432093574,0.10708222168694526,0.9065960611854842,0.040367583251121886,0.21047163181234088
140,0.9010902174468179,0.10599552080758035,0.9071124553171289,0.03982096875886132,0.20915930441626462
141,0.9033752711652552,0.10629602301956209,0.9069500758271162,0.039992863076591334,0.2106558365182564
142,0.9061527385295016,0.10453861906345607,0.9073040797406395,0.03961815291040016,0.20896469613036978
143,0.9103395441203441,0.10601184279312093,0.9071390532079886,0.03979281908803178,0.21007005854116928
144,0.904069464762234,0.1059161853200542,0.9074571186482289,0.03945614327961755,0.20921506954749328
145,0.8938889931706548,0.11301697156645574,0.9079525135798452,0.03893176365975526,0.207989998762523
146,0.8969403273850969,0.11451081173925926,0.9079988985762791,0.03888268050788035,0.20828989711644874
147,0.9034010426512042,0.10779326479269136,0.9079259438366334,0.03895989282670509,0.208732961769456
148,0.8983977856566605,0.1130737558383117,0.908064688793983,0.038813036113425126,0.20892350903206003
149,0.8976628806405854,0.11096711630386114,0.9081253235190289,0.03874885265722927,0.2090990658935455
150,0.8956887505008179,0.11333436674977537,0.9082780179270453,0.03858722949233995,0.20903764847089848
151,0.8959608387599871,0.11278196116577799,0.908315347235984,0.038547717601255305,0.20933017659367958
152,0.8978226986324903,0.10874936809613645,0.9083572276995777,0.038503372880853814,0.20899960637270718
153,0.9019227974044467,0.10731441593244473,0.9083659754358028,0.03849412660193319,0.20861519513721896
154,0.8938108925680512,0.1156322030504976,0.9083650716199171,0.0384950822494281,0.20912602713779033
155,0.9006727659007878,0.1124688410013227,0.9085348246299763,0.038315394876959896,0.20852874040691247
156,0.8911169148185878,0.11774562846474468,0.9084750971756307,0.038378628189859265,0.2087701929654385
157,0.8943470919016495,0.11753732682311069,0.9084097522289888,0.03844778707799634,0.2094341432579812
158,0.889600414095573,0.11858976829864931,0.9083815412669738,0.038477639511404704,0.21008892656734604
159,0.8991986336638627,0.11049058535057288,0.908623053905366,0.0382219922370064,0.20896792907774492
160,0.8922073424441143,0.11587063497192551,0.9086725955114195,0.038169564967727165,0.2091112967682894
161,0.8898767438328382,0.11765418903100733,0.9087495039773468,0.038088162800377856,0.20895375663236385
162,0.8957820259830327,0.11401401070704531,0.9088318771963951,0.03800096955443766,0.2087453647851656
163,0.8915976546343091,0.11591863026493732,0.9088819038220627,0.03794800454367797,0.20912321082955782
164,0.8880089642932114,0.11920933794058464,0.9089016349960057,0.03792713079476184,0.20925190753454867
165,0.9015774420164164,0.11609381446195677,0.908850282448832,0.03798147847568478,0.20944595023621773
166,0.892920470932155,0.11869119545844342,0.9091409746650663,0.03767378460945314,0.20864581521261366
167,0.887443122065183,0.11893179867767423,0.9090635115013681,0.03775576582308093,0.2092791347594756
168,0.8896383070251317,0.11875612523564716,0.9089721527457455,0.03785248364331817,0.20987600645284843
169,0.891780089116791,0.11899287357149013,0.9092771923709309,0.03752960267462002,0.20861398375847318
170,0.8878210780111332,0.1217762406083317,0.9091565814085164,0.03765725576667889,0.20981188854579572
171,0.8926523408843475,0.11786683926307606,0.9094073114197307,0.03739186701638031,0.20872531786808712
172,0.8927060487200913,0.1163579102866007,0.9093110210434412,0.03749380943123082,0.2092045641390817
173,0.8905222656078708,0.12065456519113371,0.9093634413465485,0.03743831452583424,0.20938577775296455
174,0.8840513724146537,0.12181853921325558,0.9094920309307082,0.037302191531864315,0.2088893078063426
175,0.891011023984372,0.12118604669473954,0.9095716960478148,0.03721786586069176,0.2084728871056139
176,0.8828917142835636,0.12624561881064067,0.9096186278141294,0.03716819691450024,0.20847149560072525
177,0.8878976974672484,0.12322690448709284,0.9096612339706375,0.03712308929093511,0.2085124703454935
178,0.8897036143298288,0.11870305925879177,0.909685345049527,0.03709757654462509,0.20857733496949504
179,0.885004046472531,0.12183563635224937,0.9096872868735737,0.037095515408342106,0.20860627528131798
180,0.8878346846520322,0.11969655697050474,0.9096144623258915,0.03717259594694855,0.20897549034082408
181,0.8892827502732138,0.12019985055611704,0.9097580935912862,0.03702056044921731,0.20837415701479234
182,0.8899797721973901,0.11806854517758769,0.9097290159071851,0.03705133619693979,0.20858525393780503
183,0.8889362580567888,0.1207701249714811,0.9096837794002489,0.03709922768056406,0.20887517821436816
184,0.8871289002663881,0.12212536943333474,0.9096733205852311,0.03711029145480227,0.20909670689645404
185,0.8879198455116124,0.11956279376988022,0.909673405791871,0.03711020103580098,0.20932080781509654
186,0.8915823382660023,0.11740283987603017,0.9097450024256843,0.03703443206035706,0.2091518667104759
187,0.8837916477791314,0.12229319737376498,0.9097137117327678,0.037067546060381984,0.20916721682215403
188,0.8889543547213656,0.12117676508376896,0.9096816463613016,0.03710147514692985,0.20949101111014037
189,0.8809320049957164,0.12601649853601793,0.9097291642460175,0.03705119024935011,0.2094442862365407
190,0.8864775198755912,0.1209921769990584,0.9097879986853189,0.036988920246183166,0.20942339528042636
191,0.8873644803912895,0.12122042266914712,0.9098181707092434,0.03695695729975523,0.20932450081492046
192,0.8856322371843949,0.12411501150562587,0.9097967990438265,0.03697961451397902,0.20943561183394663
193,0.8790626514305189,0.12924006144130895,0.909845443307226,0.03692810775862332,0.20957843634383866
194,0.8870578547125881,0.12149437089447113,0.9099126661820264,0.03685695113717491,0.2091436091343489
195,0.8748043763984754,0.1318604772840135,0.9101132930525198,0.0366445905725884,0.20894181018969182
196,0.8824705235587741,0.12357346827532545,0.9101511785502547,0.03660448577125908,0.2090423532099272
197,0.8868310439933851,0.11997830233003759,0.9101097903432026,0.036648287296321636,0.20906107394942883
198,0.8901832395965613,0.12171567818264306,0.9101627765449538,0.03659220289044818,0.20924129388925
199,0.8903383936696839,0.12069126195089974,0.910148013576347,0.036607837092304196,0.2093124667299978
200,0.8802728108989383,0.1252043912735109,0.9101636191197036,0.03659132727413139,0.2092775291146948
201,0.8849257985943729,0.12442202427758897,0.9101894530964887,0.03656397464276839,0.20921892138872764
202,0.8821437173676723,0.12418096374857823,0.9102244777531068,0.03652689497065709,0.20916299482056055
203,0.8801209625688572,0.12791310741209516,0.9102334101219014,0.03651743949577824,0.20922412480442568
204,0.8876234990300484,0.12294882061918655,0.910251366284797,0.036498423462522966,0.20933627905142174
205,0.8862842136216396,0.12379357124178392,0.9102985394517411,0.03644850171958669,0.209169533371438
206,0.883513169091882,0.1254545442537789,0.9103647784680546,0.036378380841196156,0.20896143796554648
207,0.8825726671126283,0.1256055227512618,0.9104338064653398,0.03630531550280591,0.20886192321280436
208,0.8832782321763271,0.1315752493320811,0.9104413147958915,0.03629737348445816,0.20885566404761402
209,0.8838922404548497,0.1233118978321972,0.9103398035036637,0.036404822219062716,0.20924822973093807
210,0.8781047417122183,0.12889555187322832,0.9103568461771925,0.03638678687181818,0.2091413450617953
211,0.8892809537429254,0.11842972298173948,0.9103671606536898,0.03637587419436006,0.20904158942336573
212,0.8866453885453419,0.12408047896923813,0.9103720410703667,0.03637070745802384,0.20906061689111308
213,0.8787113682737628,0.12925728803049874,0.9104184216664578,0.036321596901630615,0.20912248201991682
214,0.8875157798378213,0.1229559599479656,0.9104442407693566,0.03629427980400146,0.2090313022356482
215,0.8846117964068663,0.12385028358855132,0.9104832347898384,0.036252990957829856,0.20903398521412453
216,0.881957922166991,0.12772545417510395,0.910562560644144,0.03616902825331103,0.20876829681560563
217,0.8826271908954509,0.12761861718098666,0.9106066548438826,0.03612235589145474,0.20869265086265673
218,0.8792302217877027,0.12630316991160206,0.9105480940986364,0.03618434769219914,0.2090455553735445
219,0.8846554270068419,0.12200203213952776,0.9105148748554348,0.036219501287681366,0.20922921590123755
220,0.875208782628902,0.13426969995641036,0.910529572655327,0.03620394430361784,0.20922438921301809
221,0.8801639774470653,0.12589883438682448,0.9105880799782283,0.03614202160852498,0.20910094739486082
222,0.8837366196715716,0.12774585264788152,0.9106354514515349,0.0360918814928326,0.20912941490488524
223,0.8858635848008313,0.12385262550662002,0.9106044409622719,0.03612469801484708,0.20936471099164194
224,0.8814739237711268,0.12804418338777857,0.9106362523866761,0.03609103544184489,0.20938597286325325
225,0.8815148753448597,0.1271501349178974,0.9106350081078958,0.0360923506960823,0.20949864080618055
226,0.8806829753431301,0.12533754169441635,0.9106424258132036,0.03608449541078984,0.2094293795869544
227,0.882599255413685,0.12363627946204647,0.9106524407754517,0.036073893194762285,0.20946485680526294
228,0.8808205610918767,0.12603055694324916,0.9106682741911111,0.036057138919475595,0.20939878596124964
229,0.8798355717682144,0.12742314091693463,0.9106536271588114,0.03607264355202455,0.20957045828358156
230,0.8835751807805404,0.12315217455578431,0.9106587401026993,0.036067225792675295,0.20947594508277492
231,0.8777188809172621,0.12915373382580697,0.910638464268131,0.03608868745281413,0.20956154431542226
232,0.8872531151887283,0.11962168874783596,0.9106622940160066,0.03606347193619919,0.20947049876642493
233,0.883864407979169,0.12499547054472704,0.9107215755083271,0.0360007289137817,0.20923621849233914
234,0.8814412448012713,0.1282897445489466,0.910670575861381,0.03605471149234085,0.20944902069614893
235,0.8792750653132652,0.1283848391387269,0.9106932799579022,0.03603067456563791,0.20944232091144216
236,0.8882569404481684,0.1250787626556038,0.9106928438875572,0.036031132764633544,0.20947184605729946
237,0.8793378715376252,0.12869202763429555,0.9106980238184833,0.036025653310600925,0.20948566154520312
238,0.8806838769357181,0.1256489249448397,0.910716510640913,0.0360060688106415,0.20947961683291974
239,0.8809831990200339,0.12599638786360068,0.9107258835531284,0.035996170703982866,0.2093894605851429
240,0.8796457411016075,0.12898407364466047,0.9107316950605437,0.03598999876237263,0.20943405472726317
241,0.8761475216416479,0.13329103435198597,0.9107685225121926,0.03595101807898882,0.20937637462752104
242,0.8788462142342502,0.12692918259335728,0.9107843169429958,0.03593430723569868,0.20937827234807913
243,0.8864582583163548,0.12291088427680619,0.9107881907357757,0.03593021938413021,0.2094354242950248
244,0.8818254927987034,0.12631586855079846,0.910791370365371,0.035926836488606395,0.2094787459802532
245,0.890058615253967,0.12258004600849592,0.9107904005079752,0.03592786861843711,0.20945683667873788
246,0.879849941985121,0.12809495973505858,0.9108000787167086,0.03591760982247649,0.20945683214473293
247,0.8866702891090541,0.12363367979515905,0.9108283547747055,0.03588769995962693,0.20940169035569675
248,0.8838286877257152,0.12511946339743474,0.9108584518837012,0.03585583962926542,0.20929287037225075
249,0.8789768725344278,0.1273451509090635,0.9108833295314177,0.03582950026985143,0.209259617232618
250,0.8753653747364155,0.1318975083595646,0.9108948815588983,0.0358172737121385,0.20917053996021048
251,0.8791339608650763,0.12672483392822387,0.9108823294898517,0.03583054112748363,0.20920293156482125
252,0.8797428607940674,0.12716024432004225,0.9108777637158755,0.03583538176393175,0.2092565784967397
253,0.8833947997648739,0.12296237039808677,0.9108874326147925,0.03582515523410612,0.20922340298631864
254,0.8844098335909611,0.12805555497765087,0.9108952945001683,0.035816829409915485,0.2092020747435996
255,0.8863178349814369,0.12642713197780497,0.9108985774469056,0.03581336980150007,0.20916022845633422
256,0.8803120131052814,0.12904632926202064,0.9109051017371382,0.03580644786465503,0.20915817328938285
257,0.8810320218789924,0.12878496210101542,0.9109234832786365,0.03578698653755075,0.2090879728594244
258,0.8802770052141357,0.12559691047967936,0.910937376252175,0.0357722898783317,0.20902132097942386
259,0.88169825482137,0.12674935787182384,0.9109387019191157,0.03577088717554022,0.2090477278778664
260,0.8823505281244667,0.12588983154154254,0.9109427946380466,0.035766559239641116,0.20902561608438108
261,0.8785759013833352,0.1305332909993333,0.9109430152370553,0.03576633122554862,0.20905016336116028
262,0.8791647961417448,0.1305468050221773,0.9109477922638572,0.035761253648369795,0.2090864896797975
263,0.8827489637634129,0.12588486168009994,0.9109463017113403,0.03576284926520745,0.20912631624978542
264,0.8873454300523962,0.12892669717525307,0.9109565665476056,0.03575197784494222,0.20907993748019205
265,0.8817616744527539,0.12425033810350539,0.910970281652738,0.0357374764858579,0.20904067666248563
266,0.8878226193409522,0.1212786883862037,0.9109815686413834,0.03572551448360339,0.20903317979776007
267,0.8869172762898565,0.1241506016631373,0.9109764131123588,0.03573097633151734,0.2090534900300787
268,0.8800153830676403,0.12593091063815265,0.9109834818813843,0.03572348861951635,0.20901430790769854
269,0.8762927940748271,0.13124383134050333,0.9109856381585061,0.03572121732182221,0.20903206876984154
270,0.8833343447412102,0.12313713229240986,0.9109861861648466,0.035720608923981434,0.20905365293563807
271,0.8795228950606967,0.1268890335973497,0.9109965339893972,0.03570966199255032,0.20899240429503596
272,0.8780003736898737,0.1300103660251053,0.9109997492944998,0.03570627387911396,0.20900523196964474
273,0.8822090961400745,0.12801395178241592,0.911000611398044,0.03570534921270063,0.20898460863484544
274,0.8882958298747979,0.12416412384334108,0.9109932969735118,0.035713101751225884,0.20907146485365438
275,0.8787917439798707,0.13057578554414107,0.9110065935733044,0.03569903607619085,0.20902444911189408
276,0.8825718763383846,0.12476179496133699,0.9110146392184543,0.03569051416295699,0.20900213340275028
277,0.8749919420885808,0.13447645489604876,0.9110104574380378,0.03569493206459651,0.20902650681872995
278,0.8809360427763856,0.1258806122997298,0.9110121182220021,0.0356931874052836,0.2090348440043125
279,0.878311082576085,0.12876200531442228,0.9110140099694192,0.035691172626142964,0.2090539548501042
280,0.8871649862493126,0.12372471483960157,0.9110141505258268,0.03569101940938635,0.20905636513253545
281,0.8786123134557483,0.13097138542606324,0.9110144448396708,0.035690723906484645,0.20906364884012943
282,0.8753886859393815,0.13133630843171418,0.9110143259940459,0.03569085376234049,0.20906603302141136
283,0.881185242851961,0.12584967240985645,0.9110188250355491,0.03568608125466333,0.20906375938092642
284,0.879891713846077,0.12725907497810518,0.9110232347973678,0.035681409193815905,0.20905541629248756
285,0.8796015555418811,0.13221922949356013,0.9110351615449581,0.035668779154886865,0.20899420541720906
286,0.8839773706440787,0.12784248510138618,0.9110328700572998,0.03567121088211922,0.20901848721362137
287,0.8811028371158155,0.1286044865690672,0.9110360808165936,0.03566781804709329,0.20900871305612365
288,0.8808681270451222,0.12681831823934864,0.9110418442111687,0.035661712243054366,0.2089855564852762
289,0.8865426558892704,0.1231574112260656,0.9110458928539377,0.03565741332599004,0.2089698664505592
290,0.8780440407470592,0.12767312831499222,0.9110475514922802,0.035655673234195495,0.20895936522039807
291,0.8773036766978144,0.12946194524009103,0.9110626451775677,0.03563969236249798,0.20892441143099463
292,0.8771533234026826,0.1295622872414144,0.9110672185521361,0.0356348477794759,0.2089232110974124
293,0.8721194359862688,0.13311535341525504,0.9110760300024171,0.03562552863631607,0.20889635252468258
294,0.8812408030611797,0.12669360772395244,0.9110598011013936,0.03564270412685022,0.20896791301629555
295,0.8785259966711396,0.1273210871944238,0.9110553915941403,0.03564737457801204,0.20899717396750797
296,0.8739491840010708,0.13232847466399256,0.9110558539210768,0.03564687033592617,0.2089953867666093
297,0.8771097396762626,0.12973996738342553,0.9110507234849168,0.03565231812956948,0.2090046945112198
298,0.8743854283707814,0.13197398692243967,0.9110572441748689,0.03564541329761162,0.20898200000244266
299,0.8809992613144291,0.12711917440546727,0.911049356142001,0.03565377925036628,0.20902539821822058
300,0.8846456489516693,0.1272792991562416,0.9110524369275301,0.035650502310513255,0.20903080531107734
301,0.8798612827814899,0.13135337554983617,0.9110529343844769,0.03564998136558506,0.20905091848283616
302,0.8864166872593963,0.13028304294222925,0.9110521551964849,0.03565079675441507,0.2090504980402156
303,0.881780337940142,0.12794674752239532,0.9110529994077258,0.035649902098536135,0.20905394255239027
304,0.8795311659285165,0.1284732959509115,0.9110608272904518,0.03564161586259107,0.2090211519869477
305,0.8744675389771323,0.13078427120376157,0.9110580139803115,0.03564460788150248,0.20903361441201943
306,0.8804687588538939,0.1276892843785702,0.9110616735018485,0.03564071606979902,0.20902187353792792
307,0.8813290665450605,0.1251135123183097,0.9110627233654788,0.03563960237316022,0.20901983357646448
308,0.8774563186955684,0.1280712978488744,0.9110644216432741,0.035637831330636915,0.209018103944088
309,0.8851063563985732,0.12350072656306976,0.9110647586877205,0.035637455685418096,0.20902144124725874
310,0.8731140014037345,0.13631722089263965,0.9110648517858844,0.03563734467837809,0.20902520368191693
311,0.8788429021256642,0.12768664873124203,0.911066889726512,0.035635199293092445,0.20902323653139135
312,0.877594796777929,0.12947687030503596,0.9110708297062676,0.03563103358363462,0.20901695927729003
313,0.8781142200081093,0.13069042333120762,0.9110739252929502,0.035627756292489265,0.20900149819561212
314,0.8795980637513318,0.12643656945075943,0.9110780817623033,0.03562335602131961,0.20899093237117294
315,0.8746459874713305,0.13190390150784204,0.9110828724265316,0.0356182909402365,0.20897752954666277
316,0.87981449400337,0.1293341771439308,0.9110848670910596,0.03561617596979938,0.2089829231038286
317,0.8819070255872116,0.1268501686047887,0.9110813717277695,0.035619875983287974,0.20900854267640867
318,0.8854044820498495,0.12040897445159637,0.9110802325480882,0.03562109032133376,0.2090173754127368
319,0.8836092969167579,0.12457348078322905,0.91107596650656,0.03562560228488876,0.20903662522846558
320,0.8791097524096665,0.1301517683397153,0.9110791234798443,0.0356222432396921,0.2090263714972834
321,0.8729420229069238,0.13413253887303866,0.911089838642111,0.0356109199349266,0.20899665986094026
322,0.8858264265129867,0.12631988468493072,0.9110855796193117,0.03561542434144538,0.20902116587691955
323,0.8810034003651258,0.12773187859671287,0.911086264109015,0.03561468988559169,0.20902371359855207
324,0.886884408668407,0.1215133435413207,0.911088800161186,0.03561201729737862,0.20901484820233057
325,0.8761686694274828,0.13239946502263455,0.9110880753774334,0.03561278711662175,0.20902847499019123
326,0.8774908540897,0.12864060323889426,0.9110901855055045,0.035610542495364994,0.20901990509838175
327,0.8816569435943677,0.1257729506963352,0.9110937689847521,0.035606749568824037,0.20899839689261432
328,0.8867813397958441,0.12099641939829064,0.911094220510847,0.03560627157573748,0.20900423015148734
329,0.8823737982407357,0.12371970346517791,0.9110950199913295,0.035605429869487004,0.20900738626131565
330,0.8833760011543348,0.12658566229348422,0.911094225456687,0.035606280950821856,0.20900932360838403
331,0.881326928011422,0.12716740248958336,0.9110958446737758,0.03560456089149655,0.20900448869483865
332,0.8886824088189208,0.12045217342383463,0.9110971336105816,0.0356031995733862,0.20900151247602713
333,0.8811492121335373,0.1260432722956365,0.9110945168612132,0.03560597017578915,0.20901274845541631
334,0.888044166333467,0.12399437833075488,0.9110949331845649,0.03560551324690375,0.20900919899984613
335,0.8752475731002475,0.13300208226394905,0.9110973400993999,0.03560297518057909,0.20899846822833731
336,0.8771089269119559,0.13251441103112083,0.9110967513262462,0.03560358374620587,0.20900384711289977
337,0.8776134941184405,0.13106168612411917,0.911100200649585,0.03559995384639658,0.20899554061488068
338,0.8825873822263144,0.12704063010669908,0.9110998436399463,0.035600322170970644,0.2090005083896527
339,0.8876134053017329,0.12349855863664472,0.9111014240540114,0.03559864532097079,0.2089946620874507
340,0.8853071404313578,0.12809811907708035,0.9111001636648848,0.03559998342713633,0.20900191243016664
341,0.8788425057258421,0.13002552837760628,0.9110988019224054,0.03560142132794364,0.2090105691483651
342,0.881768434661106,0.12468195908621837,0.9111008702654021,0.035599229448855185,0.20900530008933538
343,0.8860015955943505,0.12533075293409512,0.9111011836352765,0.03559889634769631,0.20900664251511208
344,0.8756583425605181,0.13105192538803645,0.9111009342340233,0.03559916012911124,0.20901193514868124
345,0.8805524964355728,0.12950330504993768,0.9111018743436463,0.035598178450653495,0.20900801385998505
346,0.8811326761847561,0.13155584933769982,0.9111027677950879,0.0355972308457827,0.20900783334170453
347,0.8775636009799624,0.12893753989803802,0.911101673418898,0.035598379367243305,0.20901187539093205
348,0.8832251930121079,0.12468119862326865,0.9111025307948012,0.035597496812293405,0.20900906799960522
349,0.8781089771141126,0.1303557028760366,0.9111031007301232,0.035596875873295075,0.2090116714000955
350,0.879219971235516,0.1291006518200556,0.9111023496170463,0.03559766847440915,0.2090181008609165
351,0.8723783481468275,0.13455184108431373,0.9111020419203413,0.035597996377662255,0.20901953636851145
352,0.8747963378730329,0.13224816859656952,0.9111043706836316,0.03559553336571053,0.20901302010101136
353,0.8770655668476253,0.1316831366375073,0.9111063420008857,0.035593444599161805,0.20900973653909094
354,0.8858399064216799,0.12001484232721393,0.9111071147520124,0.03559262102803351,0.2090075103186906
355,0.87266609738174,0.13565618773661936,0.9111075889707848,0.03559210590640882,0.20900858023123378
356,0.8770315655805532,0.1304771856174387,0.9111086565812526,0.035590990590196436,0.20900796614672298
357,0.8786687552928925,0.12923613918040477,0.9111080094035476,0.035591680153232996,0.20901174332240907
358,0.8774064866084497,0.13131966944802198,0.9111084374369027,0.035591226293340994,0.20901115014984245
359,0.8816452769978532,0.12688833492728369,0.9111085695926557,0.03559107900809211,0.20901213171568692
360,0.883547603505329,0.12725745993954807,0.9111092049876243,0.03559040552876602,0.20901145161753673
361,0.8855219827693643,0.12746774572481312,0.9111095618154306,0.0355900275300558,0.20900983420231345
362,0.8780013913089789,0.1293797674948416,0.9111091314909878,0.035590484871867556,0.209013451788051
363,0.8894898315656532,0.1179355286579652,0.911110243904947,0.035589324779612075,0.20900887526315517
364,0.8760832533674333,0.1312541599270689,0.9111097040083294,0.03558988561870524,0.2090100434218771
365,0.8819049449221602,0.12767427085165883,0.9111097247372174,0.03558985998104813,0.2090115098063091
366,0.88179590082863,0.1267242994301514,0.9111108284232237,0.035588686962849,0.2090068733092132
367,0.8713186510558267,0.1363063384255312,0.9111115055669001,0.0355879663624169,0.20900680886851006
368,0.885669604956525,0.125821844951724,0.9111127321352095,0.035586667568928476,0.20900210861889165
369,0.8905234302131875,0.12696094434156913,0.9111140563838579,0.0355852874057605,0.20899570362675285
370,0.8769918338766376,0.13145002803592143,0.9111132523575667,0.0355861321826767,0.20900015787554027
371,0.8824378252029419,0.12639644047696674,0.9111146263555465,0.03558467208782645,0.20899683461166815
372,0.8830766547652125,0.12537286049520724,0.9111147984053174,0.03558447505246909,0.20899747523709505
373,0.8805767355613339,0.1282253762221799,0.9111149802740351,0.035584300840085015,0.2089975935295438
374,0.8822339570638046,0.12434827545090676,0.9111150483520676,0.035584237376225625,0.20899554030961692
375,0.8795421077209769,0.13055963893393752,0.9111148284803883,0.035584464718078634,0.20899752417371065
376,0.8827985930211336,0.12413182630265862,0.9111155186432611,0.03558373002516024,0.2089949384670696
377,0.8750639146971471,0.13515644425176077,0.9111167732864854,0.03558238461718677,0.208990784302978
378,0.8834193600612936,0.1253815073940664,0.9111173409307199,0.03558180680747458,0.20898952782204105
379,0.881628786475913,0.12469685606274894,0.9111177437984777,0.03558137536582717,0.20898865242500866
380,0.8837722071166177,0.1270120912609034,0.9111186907813635,0.03558036794335573,0.20898601344574944
381,0.881737015779736,0.12714153777548654,0.9111196269997741,0.035579387358184666,0.2089831617913256
382,0.8815069531352775,0.12844638546885,0.911119715224831,0.035579290667534846,0.20898241513388596
383,0.8794349113714348,0.1284057582120145,0.9111200190303237,0.035578978037090536,0.20897941507017806
384,0.8755103445168838,0.13146046396941824,0.9111190061877602,0.03558002729177445,0.208984498731587
385,0.8795444513987569,0.1280872288003312,0.9111195571761512,0.03557946640123422,0.20898117518665144
386,0.8764502325104279,0.1302929846092855,0.9111209711045154,0.035577961983114026,0.20897760432700377
387,0.8804705440998077,0.12818930742025092,0.9111226086503053,0.03557621961862112,0.20897243243901722
388,0.8801407411839198,0.1274730164492235,0.9111223254646013,0.03557650068204643,0.20897462620323132
389,0.8862776909638377,0.12647575838377356,0.9111234325326892,0.035575350801045236,0.20897192551379454
390,0.8752762200762925,0.13122968976036564,0.9111236581502709,0.03557511575396477,0.20896949829104958
391,0.8844206107472911,0.12266464392790155,0.9111219212512842,0.03557695669511696,0.20897898363873382
392,0.8877957590575357,0.12287633480951243,0.9111225351900353,0.03557630069926254,0.20897758041038575
393,0.8838616187132678,0.12658770676128184,0.911124135678392,0.03557461027265685,0.20897241696820532
394,0.8793322765132756,0.12727011199958504,0.9111236849523594,0.03557509011823479,0.20897595770859295
395,0.8808637281644691,0.13092099531183865,0.9111228599789813,0.03557594959718846,0.2089814688318302
396,0.8839862870359884,0.12551865313926447,0.9111236982624875,0.03557506609304106,0.20897746198769707
397,0.8836272871031344,0.12413208239319506,0.9111222206200674,0.035576645464694745,0.20898351963188658
398,0.8726654463601344,0.13423119232559977,0.9111231090893027,0.03557570154103673,0.20898184077268864
399,0.8790319058501604,0.12933887035536007,0.9111235271218785,0.03557525750300261,0.20898210296310826
400,0.8747819138383403,0.13356686339336765,0.9111235907632015,0.03557517259097509,0.20898317762997454
401,0.8772118525597655,0.13043739337776017,0.9111247188874757,0.03557398807640655,0.2089807863416873
402,0.8875561399945935,0.12475838859140231,0.911124607860642,0.035574115489230285,0.20898266494783724
403,0.8803978628903917,0.12599680477638942,0.911124592623091,0.03557413358707495,0.2089837339061064
404,0.8770384941864939,0.129179861894276,0.9111255036759042,0.03557315394423732,0.2089810447619614
405,0.8836325178447278,0.1275132647684888,0.9111260675016593,0.03557256587158941,0.20897915526526292
406,0.8825350328556543,0.12544321399568403,0.911127366330145,0.03557118737179121,0.20897132526233908
407,0.8892098861990623,0.12122844077884198,0.9111266269998044,0.035571972717475586,0.20897393118894927
408,0.87822450596152,0.1305404527708769,0.9111276409333621,0.03557089459983398,0.20897164819185055
409,0.8773450874587865,0.13020127630345424,0.9111277072658038,0.03557082556363422,0.20897061194116665
410,0.8842410809785417,0.12208649494220614,0.911128039873541,0.03557048056955625,0.20896988489027518
411,0.8911050005445202,0.12082635799263008,0.9111282682186078,0.03557022769761542,0.208971242609783
412,0.8764316963339315,0.13303433728167158,0.9111290898099041,0.03556936447416159,0.20896840726473354
413,0.8748846490984982,0.13362045532987055,0.9111313277297517,0.035566998538658745,0.2089594521669928
414,0.8757456497659961,0.13204295104980113,0.9111309697018519,0.035567385805806206,0.20896220181832284
415,0.8786549377209932,0.13080879365425913,0.9111300326470124,0.03556837579405925,0.20896755374635678
416,0.8875079068165381,0.12516790280433332,0.9111306509133735,0.03556770856332181,0.20896599102547514
417,0.8807279878449672,0.12775414841747357,0.9111306566592758,0.03556770178750113,0.20896493381449463
418,0.8804985134346971,0.12549085607209431,0.9111290231501642,0.03556943774919108,0.20897353890925727
419,0.8760901348104755,0.13267632051750033,0.9111294230358713,0.035569004545069505,0.2089737892345174
420,0.8827131975044324,0.12728731373328117,0.9111298985274701,0.03556850733061656,0.20897263480918837
421,0.8819432513227741,0.1280189278529219,0.9111306886617696,0.0355676775427034,0.20897222809342705
422,0.8773273325082168,0.13280912439173742,0.911130507811313,0.03556787660846028,0.20897554429717893
423,0.8784962050544406,0.13274564482905404,0.9111313166379783,0.03556699100251248,0.20897501855133935
424,0.8748866203919198,0.13180727291336192,0.9111304362057331,0.035567940593784986,0.20898105555443017
425,0.8793172246044122,0.1332855825154432,0.9111309502094238,0.03556738395068659,0.2089794676609154
426,0.8850076265126756,0.12396471849135027,0.9111309797389977,0.035567366606523154,0.2089791877325656
427,0.8835164473473447,0.1246933992317758,0.9111310245788555,0.03556731283535319,0.2089787063259528
428,0.8787561947280921,0.1312130231211036,0.9111326714344619,0.035565569890742554,0.2089741355979879
429,0.87721731303965,0.12894702664997504,0.9111332786090495,0.03556492806413125,0.20897073888107764
430,0.8809851844912594,0.12948190718964736,0.9111351469728262,0.03556295685314692,0.20896457889565834
431,0.8812377828996159,0.1282351021023349,0.9111356439570089,0.035562436623435056,0.2089627010847242
432,0.8762061323934388,0.13068295496626925,0.9111361109752201,0.03556194611850927,0.20896102093441335
433,0.8847015051587114,0.12513871557546496,0.9111367788818131,0.03556121067655804,0.20895812691973173
434,0.8806286795625409,0.12680373265980804,0.9111378686030949,0.035560071179049024,0.20895325631905246
435,0.8797444136976038,0.128611302640686,0.9111375837445331,0.035560379089405125,0.2089556974625673
436,0.8857623246109602,0.1221515618659248,0.9111388204954541,0.035559063820342574,0.20894915459414995
437,0.8841432037862759,0.12788294626323737,0.9111378832951488,0.035560069379725,0.20895557908603035
438,0.881566309234471,0.12537503679488327,0.9111377091724892,0.035560239084358014,0.20895740003390334
439,0.8829601190043884,0.12928281242146522,0.9111374282051399,0.03556052569010648,0.2089585286283096
440,0.8833668749887966,0.1267573758288889,0.9111386480092857,0.035559233948465385,0.20895530889904798
441,0.8815856026214304,0.12583848401859865,0.9111393769024494,0.035558466305292025,0.20895309953452645
442,0.8794999712879218,0.12858797501705277,0.9111403794533018,0.03555740608246116,0.20894797625996492
443,0.8818523756508688,0.12635724528855274,0.9111388314417618,0.03555905091071543,0.20895345669579604
444,0.8781238363205808,0.12784189121012546,0.9111403925815975,0.03555739325197138,0.20894961093903722
445,0.8886691401305707,0.12361999599863538,0.9111402728995439,0.03555753303750653,0.2089510210097771
446,0.8764658373536416,0.13347187614735267,0.9111403734528342,0.0355574101559093,0.2089525907661645
447,0.880100888824,0.12628375037145212,0.9111400400814013,0.035557770972242775,0.20895674174334158
448,0.8794021424159263,0.12763121557035373,0.9111408982210002,0.035556858853142526,0.20895267439057075
449,0.8761491625054368,0.1303981258333875,0.9111412498484013,0.03555649846167308,0.20895071767040374
450,0.8786651824863212,0.13074813733510826,0.9111410992912143,0.035556651125991934,0.20895182909705973
451,0.8790035913291486,0.12869137526337238,0.9111421558099086,0.03555553757109842,0.20894895165843255
452,0.8888505891110133,0.12634071534070523,0.9111422859291394,0.035555388401168564,0.20895172038877852
453,0.8804613267912448,0.1263606388181251,0.911141598748317,0.035556107320125374,0.2089549422078974
454,0.8897181922949634,0.11932331016363673,0.911141664317063,0.03555606099178399,0.20895451936716566
455,0.8802478209282588,0.12978426330075254,0.9111411552592121,0.03555660044361475,0.20895800941323667
456,0.8915389350895743,0.12035660740572585,0.9111419546305951,0.03555574276581064,0.20895278208239307
457,0.8901802807756998,0.12524474865924462,0.9111430185316829,0.035554618741268196,0.20894868037809608
458,0.8813385893997637,0.12728670611519066,0.9111434287818341,0.03555418807708144,0.20894903202607454
459,0.8775901771286159,0.12838362518614976,0.9111435022057376,0.035554113812854005,0.2089477109901429
460,0.8802193790963553,0.1294755908495394,0.9111423372422289,0.03555534001684013,0.20895335981427235
461,0.8860022775756503,0.12468403634091707,0.9111432737515713,0.035554340699749276,0.20894951834820114
462,0.8756323592755401,0.13086353009625884,0.9111439563502183,0.03555362485822455,0.2089494018805155
463,0.8788626732178104,0.1290883119215449,0.9111439312573538,0.035553646025231145,0.20894860933465892
464,0.8767155350990665,0.1330630472806945,0.9111441340004256,0.03555345145609512,0.20894993514331822
465,0.874566259314713,0.1343263878989196,0.9111442897580178,0.0355532748415619,0.20895201456163442
466,0.8877007252383,0.1248297225902344,0.9111447661587784,0.03555277133798607,0.2089518916600058
467,0.8792108959943346,0.12809784840461658,0.9111450779648944,0.03555243239822181,0.20895338762311583
468,0.8768460212401974,0.12991846277663677,0.9111435564645112,0.035554037210664635,0.20896300614432653
469,0.8797808431305931,0.1260118642210194,0.9111450556722481,0.03555246518251276,0.20895743351791504
470,0.8762815750918342,0.13257164000411392,0.9111448396554147,0.03555268997709937,0.2089609082243123
471,0.8828359631080072,0.12372856022697498,0.9111443871110587,0.035553168310274885,0.20896427158561973
472,0.8804365023247247,0.12615316653368425,0.9111441536383196,0.035553408654043106,0.20896744077465204
473,0.8773853958231731,0.13034653018566966,0.9111460591322623,0.035551397235570326,0.2089602990693643
474,0.8781571995864794,0.12937972662569275,0.9111468262465863,0.03555058582585913,0.20896121048483776
475,0.8822573281607582,0.12675554288955282,0.9111472417698756,0.03555015053941413,0.20896008121269327
476,0.8786846824641367,0.12728452968023152,0.9111471644911263,0.03555022028488408,0.20896028607649353
477,0.8842044417719239,0.12709808320921423,0.9111465888099018,0.035550844580703456,0.20896300426582642
478,0.8832733127677325,0.12623995236100816,0.9111470862304822,0.03555031238785511,0.20895916222338162
479,0.8790598187631774,0.1287048100224253,0.9111484203344442,0.035548915258877045,0.20895335172827628
480,0.8809688253310121,0.12838812736826888,0.9111477662471099,0.035549606861430605,0.20895464658203663
481,0.8868493229440115,0.12100735798199036,0.9111488648781768,0.0355484273226192,0.20895161112903177
482,0.8846357774387286,0.12570045178012323,0.911149289129419,0.0355479820980783,0.2089512287232675
483,0.8868168488289546,0.12097686179763356,0.9111490245269812,0.03554827824147111,0.20895449403106003
484,0.8803095985384821,0.12680772905528492,0.9111502642235864,0.03554696764391585,0.20894904346084778
485,0.8794527837952364,0.13175729825075622,0.9111506209422933,0.03554658435502578,0.2089510845814248
486,0.8796736126385846,0.13000019389985207,0.9111499863110205,0.03554724014898214,0.2089576594549649
487,0.8759600051398416,0.13411783177196046,0.91115065981805,0.03554654456076389,0.20895635362220677
488,0.8801285913847026,0.12744392836123097,0.9111503704864125,0.03554684122006868,0.2089589727276788
489,0.8762256723005795,0.12982750926889464,0.9111507493159333,0.0355464408432411,0.2089593903781645
490,0.8793346372622888,0.12954405874299935,0.9111505589738279,0.03554663889924636,0.208962461021089
491,0.8815593163943986,0.12471457948671338,0.9111515574880021,0.035545584962865084,0.20895843061507885
492,0.8861022985097274,0.1251254729727328,0.9111510833783292,0.03554607914881913,0.20896013725012694
493,0.8819309646643482,0.1291773320340417,0.9111513735463955,0.03554577317984853,0.2089565221034197
494,0.8858964576304538,0.1225617179306896,0.9111525640027999,0.03554450631370809,0.20895327267105016
495,0.881021748179371,0.1299122606769847,0.9111536082296272,0.03554342263683019,0.20894761682281088
496,0.8818815865562958,0.1285471153475305,0.911154459386864,0.03554251551472842,0.20894631584931625
497,0.8769818547281246,0.13027332402525393,0.911156729818336,0.03554011538970836,0.20894056187229662
498,0.8832175656429773,0.12359210424753453,0.9111565346758564,0.035540314429281294,0.2089426643247793
499,0.8721327816398399,0.13362464141684482,0.9111570142041335,0.0355397987675905,0.20894293760533214
500,0.8784345263995014,0.12864141653360306,0.9111575552644782,0.03553924100688488,0.20894105811034222
501,0.8769960886645085,0.12854854036737728,0.9111579635144734,0.035538802847545625,0.2089397135401029
502,0.8750071846744389,0.1321370280395806,0.9111580177732471,0.03553873854756462,0.20894207875580412
503,0.8782141717892249,0.13023006464714726,0.9111584126403813,0.0355383290262391,0.20894209501742994
504,0.880728294837822,0.12692865237732442,0.9111582542644033,0.03553848366402934,0.2089453330295695
505,0.8814293235829733,0.13022225490493244,0.9111578488509927,0.035538913604471145,0.20894737739943728
506,0.8837805436652841,0.12359977193656435,0.9111581635664264,0.03553859699243689,0.20894544564991643
507,0.8863321351773531,0.12718922627417084,0.9111577730632686,0.03553899884993139,0.20894780260189957
508,0.8784179123281275,0.13020921123587825,0.9111584445337757,0.0355382824931767,0.20894588686624987
509,0.8791828653187428,0.13179225198100153,0.9111570639534649,0.0355397577848805,0.208953145829284
510,0.8865489436006083,0.12499798140769292,0.9111568600830325,0.03553997165442857,0.2089540813115472
511,0.8774523162147374,0.13186710330431806,0.9111567000705633,0.035540133812300256,0.2089558659740657
512,0.8774017477498471,0.12950088044072905,0.9111577753543563,0.03553900928440612,0.2089524686143145
513,0.8881501274780162,0.12322981945170797,0.9111576265063934,0.035539153998618844,0.20895602301057783
514,0.8795949677819187,0.12781786426248098,0.9111573936518843,0.035539405551727854,0.20895704588092626
515,0.8728623882080745,0.13345711935948845,0.9111578652159044,0.03553890422151529,0.20895555013370715
516,0.8825479977339217,0.1242420265050368,0.9111582395723493,0.035538503564338186,0.2089547449600548
517,0.8792342028571564,0.12780318731000662,0.9111579876981762,0.03553877923816762,0.20895672573735724
518,0.8866184510073616,0.12262183447116715,0.9111580778142895,0.03553866980759912,0.2089572280536582
519,0.8780485423444544,0.13064488258521356,0.9111574468923967,0.03553934245677792,0.20896307526461605
520,0.8828361780898085,0.12427229641548077,0.9111574878774088,0.03553929768433295,0.20896423007003465
521,0.8870673639681733,0.1226845473216096,0.9111569877657096,0.03553982204262229,0.20896630875887617
522,0.8710849516600081,0.1367365103207837,0.9111569919478537,0.03553982741244266,0.20896568257006762
523,0.8786238920920103,0.12748767610434664,0.9111572464767791,0.03553955062566816,0.20896518431097597
524,0.8864336656135263,0.12799137098302116,0.91115796540553,0.03553880591612546,0.208962444984781
525,0.8866969260197242,0.12718000639578764,0.9111576005043672,0.03553918993528571,0.2089664485181723
526,0.8777391705119494,0.13024007439349938,0.9111571662159792,0.03553964607189197,0.20896860877992
527,0.8790956394186298,0.1312183331230845,0.9111570326055675,0.035539800085492845,0.20897199582345688
528,0.8756396012398803,0.13063736425480188,0.9111574119078524,0.03553939640005899,0.20897001001641893
529,0.8804024319046909,0.12630749546101683,0.9111561121702049,0.03554074103259086,0.20897669522209283
530,0.8786147016923405,0.1305511876177231,0.9111560036526576,0.035540881325582974,0.2089790645841436
531,0.875917388976199,0.13100862942930291,0.911156925615412,0.035539905260118965,0.20897797532431947
532,0.8800224106288651,0.12836321750285196,0.9111577607714018,0.03553899711993802,0.2089776819604476
533,0.8807706728722285,0.12685341866075728,0.9111583908568657,0.03553836184735537,0.20897623779100874
534,0.873064908009131,0.13573240574818168,0.9111568436090215,0.03553999003093111,0.20898508915523722
535,0.8720935667024076,0.13516415571745,0.9111564244490851,0.03554043024816955,0.2089884474806471
536,0.8778427185364139,0.12975203779142308,0.9111560252543409,0.03554083908569483,0.2089930596819309
537,0.8878315041944819,0.12492050557131318,0.911157488204707,0.03553929214887308,0.20898797302328898
538,0.8848136923845532,0.13132593053857833,0.9111584071126778,0.03553832438443971,0.20898598051769704
539,0.8864929725244207,0.12623649014022165,0.9111582146976837,0.03553852876334973,0.20898844881330628
540,0.8809881436014638,0.12845199996517964,0.9111589035513635,0.03553780497010861,0.20898684860393676
541,0.880216558581417,0.13137286680654536,0.9111590707280274,0.035537616167758856,0.20898973505556526
542,0.8750328002045455,0.13159435544602904,0.9111592714345768,0.035537419142490534,0.20898991473282025
543,0.8899456447767979,0.12483640375204097,0.9111580673043796,0.035538699270720175,0.20899444585472277
544,0.874202436903148,0.13271087459178232,0.9111594381384766,0.0355372261951854,0.20899066673887262
545,0.8834758684473131,0.12488747530060451,0.9111587058268646,0.035538016528558924,0.20899668415090672
546,0.8763123591548031,0.12951927630847693,0.9111593960624704,0.03553728054991234,0.20899663199633947
547,0.8819187072295587,0.12630049575775804,0.9111612785364376,0.035535299870761206,0.2089885262137983
548,0.8761554192570806,0.13141027388686144,0.9111611444532617,0.0355354337316397,0.2089905091711079
549,0.8832659588276761,0.1243301034137202,0.9111618623637513,0.0355346637273668,0.20898510899468364
550,0.8714948652438748,0.13458171455402146,0.9111620554333419,0.035534473542282896,0.20898784103661824
551,0.8817282029725972,0.127882266749194,0.9111627442870218,0.035533737440456625,0.2089858095257043
552,0.8773906676514635,0.1294449274269025,0.911163007834832,0.03553346358071974,0.2089871823910587
553,0.8803190560016817,0.12851601503081977,0.911163753311106,0.035532657175189275,0.20898581902800956
554,0.8784735263551323,0.1282331671535567,0.9111647866643587,0.035531564411222516,0.2089805618296937
555,0.8839948044239896,0.12434062402600599,0.9111642593869064,0.035532127427835625,0.2089838419238469
556,0.8745778888753317,0.13112304661002983,0.911164291680332,0.03553210099689508,0.208984927527362
557,0.8798676526662216,0.12843730567609124,0.9111647585530773,0.03553160810219114,0.20898345440836144
558,0.8749726342344747,0.13182179830517982,0.911165248809463,0.035531091427496664,0.208982787845709
559,0.88344410727325,0.12366016100605715,0.9111663288208971,0.03552993674232441,0.20897779318587065
560,0.8779681252623067,0.12875104178732777,0.9111666020785547,0.03552965923633555,0.20897646572519252
561,0.8729312552989108,0.13475335320234938,0.911166775473885,0.03552946896179232,0.20897553384074719
562,0.8853662604267157,0.12251302453671264,0.9111673863942191,0.035528830088229046,0.2089744576135935
563,0.8815295030769793,0.12946619113786761,0.9111680303716747,0.0355281408061654,0.2089747949676168
564,0.8853504816883976,0.1266588506420414,0.9111681708189828,0.035527983507851024,0.20897670835650978
565,0.8788382411003113,0.12917517142943147,0.9111681934389274,0.035527972147830766,0.20898041589179697
566,0.8762096267880746,0.1315090515099404,0.9111684291300212,0.03552773220311589,0.20898098970834936
567,0.8825289083337321,0.12968891720240405,0.9111700033254199,0.03552605988964597,0.2089761778533268
568,0.8760791695812373,0.12933719556271928,0.9111704948546321,0.03552553013079496,0.20897528871375284
569,0.8853815388910978,0.12250817089324229,0.9111700654029846,0.0355259904821732,0.2089794335986969
570,0.8812783962314569,0.12640549401335321,0.9111709626729056,0.03552505452595678,0.20897521197673335
571,0.8829768962651781,0.12493108252475582,0.9111710850824446,0.0355249257407495,0.20897663495792976
572,0.8761375766356014,0.13108789165650914,0.9111708160432975,0.03552519588699066,0.20897998118004277
573,0.8807566553643607,0.12693172500652716,0.9111711198124237,0.035524871536913416,0.2089819230524652
574,0.8823661940190398,0.12680143874876904,0.9111726186564959,0.035523285091713985,0.20897606018087322
575,0.8785901526802952,0.1279984343288707,0.9111729559918742,0.03552294505673603,0.20897531106565778
576,0.8760554203130666,0.13215785415834158,0.9111731119312987,0.03552276892361439,0.20897673067126762
577,0.8789534748179241,0.1287298767169115,0.9111728423102881,0.03552305553570412,0.20897673511941278
578,0.8836297959957308,0.12910599688555502,0.9111723878385091,0.0355235221692356,0.2089805538619981
579,0.8782481776857839,0.12871466001201137,0.9111735571659942,0.03552229695562603,0.20897981555448855
580,0.8796931001746539,0.13151175689701355,0.9111739577426643,0.035521863896929684,0.208978464965902
581,0.8772324152941843,0.12925942625499431,0.911174322643827,0.03552147810475392,0.20897927382181086
582,0.8730792796727523,0.13384041478358089,0.9111760416505102,0.03551964443536215,0.20897534782669672
583,0.8786799820881446,0.13040693846665719,0.9111763120352168,0.035519376443084116,0.20897794274228818
584,0.8759289606682306,0.13399233305252078,0.9111761028916462,0.035519595225013134,0.20897908242055663
585,0.8773609689138469,0.13157317487100928,0.9111766890100476,0.035518991646927844,0.20897788474983905
586,0.8832900385254795,0.12539320233162488,0.9111773406244619,0.03551828497204634,0.20897694084990706
587,0.8866897563911179,0.12472628985719325,0.9111765630365946,0.03551912823550307,0.2089827519339424
588,0.8817500431560775,0.12807562521515592,0.9111771745024257,0.03551846488789279,0.2089804489591927
589,0.8784144468677854,0.12959566372546072,0.9111768861163164,0.035518778720661004,0.2089829439400732
590,0.8763872014666066,0.13421273384331112,0.91117722617918,0.03551843287250944,0.20898353271202488
591,0.8786563777807846,0.12695397356707794,0.9111775412582784,0.035518063037901615,0.20898372387733577
592,0.8808016470335063,0.13012080151652794,0.9111780194046295,0.035517567603318034,0.20898323549131312
593,0.8789634467328636,0.12895561617306417,0.9111774716164878,0.035518164294905175,0.20898608978123764
594,0.8783000510873147,0.12938596358980436,0.911176559363581,0.035519112999445324,0.2089910554129859
595,0.8793750599171352,0.1280420152716275,0.9111764952858604,0.0355191817179793,0.208991945305478
596,0.8823608232354655,0.1283824659679449,0.9111764980133457,0.03551918147554056,0.20899289948831398
597,0.8813068195454126,0.1270162792122489,0.9111774621612055,0.035518166504526105,0.20899126430033882
598,0.8775444840921939,0.12846955707890229,0.9111789799522088,0.03551656429557759,0.20898409350983968
599,0.8844123196254656,0.12667225612651867,0.9111785163160793,0.035517043835430306,0.20898804957738087
600,0.8800485452401985,0.12922963708437307,0.9111791798586959,0.035516345499484125,0.20898521357526598
601,0.8823237025622025,0.1250997321305135,0.9111792079699774,0.035516306152090116,0.20898565513148448
602,0.8799655981434201,0.12772265835417562,0.9111795494511332,0.03551595119398576,0.20898521728445102
603,0.8837619779758084,0.12398037225645941,0.9111798356552543,0.035515645639976334,0.20898282120772335
604,0.8863810723267712,0.1262629058059388,0.9111803548957168,0.03551511367455262,0.20897922243946554
605,0.8823519216000455,0.12908696365709316,0.9111805745128309,0.035514861894962,0.20897895507209777
606,0.8826431660976225,0.12438686279576938,0.9111813323173383,0.03551405434267696,0.20897670658516765
607,0.884187715435491,0.12770486759571298,0.9111808171499205,0.03551459393034895,0.2089806715734218
608,0.8779930923748942,0.1322063408396471,0.9111819459651577,0.03551342217417475,0.20897721965235916
609,0.8746585252794247,0.13236135842876184,0.9111817583869041,0.035513610473179025,0.20898056057471714
610,0.8858938607776049,0.12303998284342343,0.911183464228925,0.03551180018935185,0.20897531000544553
611,0.8831961730730187,0.12480682344101912,0.9111834863761055,0.03551178176542813,0.2089780463770255
612,0.8803578482090848,0.12783047205580433,0.9111831887529127,0.0355121034524748,0.20898166766038956
613,0.8759190665865407,0.13301422667026686,0.9111835209606187,0.03551174201176899,0.20898155496114193
614,0.8794249058927147,0.1272919856225001,0.9111846882515815,0.03551051944724781,0.20897654037308006
615,0.8792864017694899,0.1296057033392055,0.9111848701566658,0.03551031945245964,0.20898010407273962
616,0.8744613904397465,0.1313917447749413,0.9111843616806784,0.03551085328574621,0.20898223650824213
617,0.8783063361945661,0.12757144508613383,0.9111848072790387,0.03551038527638051,0.20898284812244994
618,0.879708140220457,0.12689523178049467,0.911184853391723,0.035510336928324726,0.20898451956975
619,0.880474567992016,0.12833231582986726,0.9111844116118422,0.035510806408979745,0.2089884734472555
620,0.887097382429734,0.12033544731908974,0.9111864603896778,0.035508639680870036,0.20898029598906223
621,0.8811005984695213,0.1288197996392073,0.9111854121625387,0.035509745253190395,0.2089879806336083
622,0.8797446477760389,0.12661521086485983,0.9111837803262847,0.03551146852636056,0.20899662601858723
623,0.8753970201733043,0.13118274069259295,0.9111850648263812,0.03551012941629983,0.2089940535393343
624,0.882817800183898,0.12670089885153313,0.9111854182721058,0.035509744201714044,0.20899137858288894
625,0.879045663528072,0.12755896168097713,0.911186143419523,0.03550896913667856,0.20898904972527604
626,0.8816878593083725,0.1264744966732222,0.9111859444949305,0.03550918201325015,0.2089908051939634
627,0.870683685089778,0.13670141900156174,0.9111869124249034,0.03550815780066441,0.2089886710762022
628,0.8783156649001593,0.12915308643332046,0.911187731797845,0.03550729468195957,0.20898729738221286
629,0.8799325412916905,0.12664625398478035,0.9111880295301371,0.03550696934790576,0.20898609989214487
630,0.8784027600172654,0.12867450559449944,0.9111886674707587,0.03550631209514421,0.20898539135581323
631,0.8737220900151336,0.13208303753766126,0.9111884006499662,0.03550658396386541,0.2089859822300434
632,0.881658655347176,0.12895759657043504,0.911189577068913,0.0355053341274445,0.2089831574692838
633,0.881573227713409,0.12637051065429372,0.9111897276261,0.03550519014776676,0.20898437127707778
634,0.8826547632518323,0.12632490695148324,0.911189357524532,0.03550557417839317,0.20898648473300896
635,0.8810100685624243,0.1253438152487465,0.911188956256899,0.03550598396529481,0.20898720368037943
636,0.8807783048708462,0.12732901189401857,0.9111885936104575,0.035506372510517026,0.20899219935997268
637,0.8838386176859291,0.12460953602529301,0.9111887651510978,0.03550620596849374,0.2089942657494039
638,0.8858542288970022,0.12393709424611543,0.9111889549840726,0.035506008332624406,0.20899558297407864
639,0.8850282682377157,0.12691604907634224,0.9111893203943658,0.03550560854521645,0.20899529344821524
640,0.8810187129719743,0.1302115207847946,0.9111899580804221,0.035504944852242426,0.20899278356603618
641,0.8814222427826484,0.12585234238147813,0.9111903634938326,0.035504495631488275,0.20898971518197035
642,0.8781143244609092,0.12754497638308548,0.9111915244206632,0.03550327341871495,0.20898440341879304
643,0.8805244281453993,0.12459749297783762,0.9111909462301523,0.03550389743254434,0.20898802079203446
644,0.879507028651469,0.1310581195098105,0.9111933586363242,0.03550132629606084,0.20897992311606037
645,0.8834071752515812,0.12581829308338532,0.9111930285378737,0.03550167972065843,0.208979790963614
646,0.8818112996596734,0.1245542647524569,0.9111921323589467,0.03550263206107651,0.2089849918929244
647,0.8800959789637223,0.12710295410448136,0.9111932192072772,0.03550148770597361,0.20898118691320813
648,0.8793192387205883,0.13204127413379085,0.9111939824303888,0.03550068491072911,0.20897838892398055
649,0.8829781424652026,0.12435468281189288,0.911193483736982,0.03550120694125203,0.20898051454572766
650,0.8859675653929849,0.12157901579344632,0.9111944630132934,0.03550016165291203,0.20897751297881512
651,0.876867958932247,0.12953691513675258,0.9111938705307598,0.03550079803384798,0.20897932966055482
652,0.8802675708983708,0.13243273734072725,0.9111945532748726,0.035500066567805355,0.2089775063647713
653,0.8769893825632854,0.1297327886085401,0.9111940020319163,0.03550063759525368,0.20898027847042855
654,0.880084172035884,0.12907128832969073,0.9111939854124393,0.03550065739769648,0.2089789178845398
655,0.8785497135329015,0.12985226051601573,0.9111926978211929,0.0355020353794655,0.20898761054809387
656,0.8866817774703202,0.1277889045796985,0.9111926508720798,0.035502095919231036,0.20898778204962848
657,0.8773993430207077,0.13072371405033745,0.9111922260753406,0.035502537620181185,0.20899102219842586
658,0.875657000009296,0.13249664669618133,0.911192874453139,0.03550185886435764,0.20898778427345194
659,0.8774711116425042,0.13203036807060775,0.9111945734582637,0.0355000579450665,0.2089821236829328
660,0.8800661019908572,0.12838001381474184,0.9111938881321314,0.035500769651673925,0.2089856379186064
661,0.8810567867408678,0.12752107436116533,0.9111942110663874,0.035500426145487984,0.20898608492169674
662,0.8812955588970369,0.12550914176615335,0.9111936358942936,0.035501022881353705,0.20898830494382453
663,0.8745789383221598,0.13392112885553975,0.9111938123444073,0.03550084635820128,0.2089891509324712
664,0.8759026495577062,0.13088025295864625,0.9111938356553149,0.035500838660848855,0.20899081897936161
665,0.8755325669223822,0.13322415146928912,0.9111939182799352,0.03550074642958223,0.20899204111369654
666,0.8849447031044265,0.12356777726709223,0.9111946643017064,0.035499931444519794,0.20898961650184888
667,0.8759008501339884,0.12982868532974678,0.9111965728504328,0.03549794288839547,0.20898155913499797
668,0.880935423582503,0.12964309927027473,0.9111969907375427,0.03549748822043575,0.2089793523635109
669,0.8796891136076844,0.13283914477774905,0.9111989095052472,0.03549545145912514,0.20897243192286996
670,0.8789367794411854,0.12767692379366002,0.9111997033489266,0.03549461487240757,0.20897062789794518
671,0.8723277067675174,0.13962840515212716,0.9111998758714617,0.03549443731382984,0.2089727515338069
672,0.8845162391662598,0.12121543800479961,0.9111998734712746,0.03549444535469204,0.20897310512297426
673,0.8743417772274573,0.13509073405527972,0.9112001329824064,0.03549415009639678,0.20897331902196895
674,0.8846546087450194,0.12354524967045033,0.9112001001071174,0.03549418049337638,0.20897545174600596
675,0.8825267964196437,0.12794273904789244,0.9111990161317379,0.035495342939078633,0.2089801383853495
676,0.8786262456074502,0.12800560664261207,0.9111980896595413,0.03549633080816339,0.20898405216644847
677,0.8769076052799966,0.13117701970430407,0.9111996332707385,0.03549470021714907,0.20897583635230302
678,0.8785229990783247,0.1282757031908316,0.9111979671045365,0.03549646216203217,0.20898496168595332
679,0.8810195653762632,0.1281729149109715,0.9111987398192969,0.03549564351987988,0.20898169357292973
680,0.8787236178962929,0.13177538147154844,0.9111989569634908,0.03549540162875342,0.20898346618598082
681,0.8809620327162511,0.12906963491636603,0.9111992770611622,0.035495060767179454,0.20898068624282867
682,0.8750668422689716,0.1322595682519937,0.9111996487628549,0.03549469265824712,0.2089814460136724
683,0.8813118946205065,0.1262199323501385,0.9111998915454104,0.03549441004313658,0.20898198497237838
684,0.8833990930353554,0.12478952171055802,0.9112003641276916,0.03549394097315184,0.208980355048254
685,0.8771693561840983,0.13009017968566206,0.9111995799938595,0.03549472508535967,0.20898320502792744
686,0.8804017322734722,0.12601299759500817,0.9112006500772473,0.03549360237799337,0.20897712617032332
687,0.8786387324911876,0.1304069520695189,0.9112011332421713,0.035493102555804845,0.20897698134686146
688,0.8777775842587925,0.1300114095311824,0.9112018373334022,0.035492360878845886,0.20897527195190846
689,0.8813068991147198,0.12540066500349067,0.9112022910051188,0.035491886559040786,0.2089749011696944
690,0.8797528827653348,0.12923832055725137,0.9112025930286545,0.035491564511208384,0.20897546312200657
691,0.8757278838203949,0.13099329941262605,0.9112032222049566,0.03549089396638816,0.20897272033012756
692,0.8739441746068233,0.1348550403098836,0.9112024575271862,0.035491709885577816,0.20897810757117322
693,0.8824772105633634,0.12319709167200932,0.9112028022085915,0.035491336507394555,0.20897788691773647
694,0.8842307844208283,0.12270391567421646,0.9112029580752831,0.03549116026540822,0.20897485702627194
695,0.8801833767335392,0.12925367553715528,0.9112044058971975,0.03548964077257888,0.2089692709453432
696,0.8808491962048614,0.12572947287464775,0.9112043087987219,0.03548973409571787,0.2089691892688891
697,0.8798108043022526,0.12793088485134585,0.9112046356241902,0.03548939213744695,0.20896839324840422
698,0.8737969890381526,0.13312005556134887,0.911203697114692,0.03549039603410098,0.20897362780306075
699,0.8791722449862841,0.12859593973391203,0.9112038135237632,0.03549025019438434,0.20897309276824994
700,0.8833935188436971,0.12883644344331846,0.9112036510383741,0.03549045358574909,0.20897605245129394
701,0.8782717466933055,0.1311545149612613,0.9112039244414976,0.035490152207580894,0.20897818953282665
702,0.881825341183005,0.12834709697941593,0.9112042307199102,0.03548982909957099,0.2089785562149537
703,0.8756875471004004,0.1340840207578604,0.9112041901712958,0.03548986493968165,0.20898060251772627
704,0.8879162345117736,0.12490931528208016,0.9112057058894103,0.03548827328470394,0.2089751691672126
705,0.8843282811271335,0.12762748722045714,0.9112065197346485,0.0354874100919198,0.20897530869689443
706,0.8803142722949241,0.12687788296141955,0.9112058205528911,0.03548814290045055,0.20897794388115495
707,0.881565277437562,0.12462081157624927,0.9112068677254026,0.0354870370801702,0.20897321189439386
708,0.8792309405155552,0.1292510562220337,0.9112079182799958,0.035485917188879834,0.20896845863061203
709,0.8849446255605198,0.1255661103811172,0.9112079314446581,0.03548591471449103,0.2089684310844846
710,0.8741172954295445,0.13134627586868552,0.9112086114612856,0.03548519133077843,0.2089661482923491
711,0.8794425835887205,0.1293578159682799,0.911208300855263,0.03548551324421878,0.2089680149848575
712,0.8793349948901574,0.12756181373673114,0.9112090668422264,0.035484700054701834,0.20896528111525645
713,0.8791192220252695,0.1281202088240021,0.9112093913402406,0.035484362718933515,0.20896585432053072
714,0.890395863542279,0.12220434037762273,0.9112090064738857,0.035484770537104415,0.20896930825126062
715,0.8736886110120606,0.1333616291102978,0.9112106690034407,0.035483025366943366,0.2089653779385315
716,0.8782797299542473,0.12904231906766161,0.9112109725180015,0.03548269819706906,0.20896449594736283
717,0.881709887275418,0.12421393580163109,0.9112108284340463,0.03548283401374386,0.2089655690517515
718,0.8800459237932001,0.1271722719861751,0.911210896839377,0.03548276292243102,0.20896485264006123
719,0.8758737120813537,0.13169352617139019,0.9112109260416525,0.03548275404865486,0.2089662086716827
720,0.8791082547706308,0.12972094206205442,0.9112112779599854,0.035482365577324426,0.20896778859686274
721,0.8810504449224009,0.12795238074873172,0.9112111772975957,0.03548248383819086,0.20896889144906358
722,0.8787168657895431,0.1281545314554604,0.9112117862177739,0.03548181099117409,0.20896667194127594
723,0.8792179750586019,0.1297619449454519,0.9112131629068725,0.03548036358577966,0.2089619255750812
724,0.8738662863819344,0.13159568955821987,0.9112137420065451,0.03547974950460575,0.20896236810441093
725,0.885454756252974,0.12028677425798284,0.9112137608807431,0.03547974515793573,0.20896044418375084
726,0.8805145528710004,0.12614021555622779,0.9112144254052544,0.035479036246060525,0.2089598929456098
727,0.8845160881292473,0.1301393786265579,0.9112144350787356,0.03547902835041872,0.2089608868856834
728,0.8752895197243367,0.13018001267831159,0.9112141041802225,0.035479371612213706,0.2089625223680375
729,0.8835832227780981,0.12683740928645149,0.9112135205711076,0.035479992452913556,0.20896502135347708
730,0.8773163290857111,0.12961032633555303,0.9112141114535166,0.035479368241363995,0.20896600387338204
731,0.872645657328726,0.13601785732300664,0.9112136804381109,0.035479822565185226,0.20896836101047975
732,0.8839425279677493,0.12836484988482566,0.9112132664422133,0.035480263094519904,0.20897141905609717
733,0.8743766913714918,0.13323881142095706,0.9112138982732678,0.0354795898946515,0.20897095758909887
734,0.874764517383668,0.1330635293497836,0.9112153040191762,0.03547810787920247,0.2089674846738662
735,0.8786380493525162,0.12915649989138545,0.9112162381283316,0.0354771139759551,0.20896506205380486
736,0.8825189491498817,0.12333555394962248,0.9112166501604398,0.03547667759815032,0.20896494809041466
737,0.885140945031805,0.12974365093357365,0.9112169184722575,0.03547640981409672,0.20896530780325426
738,0.8770620970471391,0.13099987307768457,0.911215912284758,0.03547746799442175,0.20897028100931586
739,0.8780683059136845,0.13398140429387428,0.9112171051413493,0.03547619570223126,0.2089664677744132
740,0.8838385407207081,0.12443110862886297,0.9112171916935486,0.03547610763671305,0.2089694750514488
741,0.8825640221243923,0.12708726775894075,0.9112189173189295,0.03547427830256378,0.20896323400048827
742,0.8795514572592615,0.12736597524827498,0.9112183130900259,0.03547492537810315,0.20896591749059729
743,0.8792051875475541,0.13135870063923438,0.911218896480942,0.035474294973446785,0.20896617022126543
744,0.8818917043000749,0.12515175177934013,0.9112202540776437,0.03547286675314232,0.2089619257792409
745,0.8775083376365957,0.12874450144683958,0.9112211422195807,0.03547191826551965,0.20896034422926607
746,0.8810395925369078,0.13017963014154454,0.9112209435495536,0.03547213570001795,0.2089616513689193
747,0.8793839829639324,0.13138767206172663,0.9112212436456663,0.03547181956622014,0.2089604734733823
748,0.8813868393597094,0.12861555039894268,0.9112206338163263,0.035472451765936386,0.20896599176274708
749,0.8794168673672722,0.1287894980443075,0.9112181251481075,0.03547511527632086,0.20897791984010688
750,0.8773904665581231,0.12973747436791205,0.9112192160694828,0.035473966261795,0.2089756776484405
