epoch,train_loss,train_r2,test_loss,test_r2,test_corr
1,1.00751425139606,-0.01043517222349677,1.011408275310559,-0.0006982522809997338,0.031885979012864975
2,1.0007560076192021,-0.0036573284562211317,1.0064651066934613,0.0041925867271797035,0.07266965420907073
3,0.9946282794699073,0.0024881526282645172,1.0038385761255402,0.00679129971908321,0.08874798133958339
4,0.9889112245291471,0.008221787482038279,1.0019170949958254,0.008692432491059332,0.09937665882661907
5,0.9902532594278455,0.006875855565341982,1.000496700253354,0.010097788407407271,0.10617452998900763
6,0.9895770442672074,0.0075540289746462985,0.9992395673163522,0.01134161027514835,0.11143655398536328
7,0.9858111129142344,0.011330887129256673,0.9981644942505642,0.012405301203416874,0.11582434659442845
8,0.9863051315769553,0.01083544325792496,0.997013884558801,0.013543721733632719,0.12068461251318996
9,0.9838525305967778,0.01329514589487979,0.9959938567460834,0.014552945043731835,0.12444273687093027
10,0.9851310839876533,0.012012891941850401,0.9950552036728494,0.01548165892011344,0.12871691942762398
11,0.9871387861203402,0.009999365265204063,0.9938797984488595,0.016644625659051115,0.13380325423363262
12,0.9829356034751981,0.01421472478020358,0.9928830201128973,0.01763084896524425,0.13779177215600785
13,0.9781396640464664,0.01902457221929299,0.9920808669705109,0.01842449956666392,0.14129050500048013
14,0.9811432871501893,0.016012243978584473,0.991397301879611,0.019100819653445567,0.1429594651815403
15,0.9787539441604167,0.01840851555191958,0.990497746777104,0.01999085624514807,0.14620369683015652
16,0.9792180880904198,0.01794302559301708,0.9898137443527587,0.02066762550645651,0.14805197294885244
17,0.9792305855080485,0.01793049128858737,0.9893612127411127,0.021115348302530368,0.1509619271058531
18,0.9750762726180255,0.02209684520425481,0.988653760354306,0.021815313541433956,0.1530680061257115
19,0.976257068105042,0.02091262866626531,0.9881751461689969,0.022288870256546578,0.15519835975171106
20,0.9714333363808692,0.02575034905041429,0.987619898620613,0.022838240532528142,0.1568883586140414
21,0.9753860556520522,0.02178616794883015,0.9869857404568301,0.023465674242214685,0.15850798322226292
22,0.9701069828588516,0.02708054353555378,0.9863704988117507,0.024074403076738138,0.15982439537902593
23,0.9707991401664913,0.026386385290083192,0.9858295308955999,0.024609661416814088,0.16177390519801998
24,0.9695412209257483,0.027647957150826463,0.9852440857549828,0.0251888916335532,0.16289618721055096
25,0.9680839749053121,0.02910941923251409,0.9847002850909998,0.02572693233530432,0.16494245031908264
26,0.9718309519812465,0.025351579112117495,0.9842599120123785,0.02616264643606181,0.16720781830141795
27,0.9695311528630555,0.02765804434789343,0.9838916289626011,0.026527033180333004,0.17064457531272717
28,0.967718065250665,0.02947638558891319,0.9835393937289162,0.026875534263809286,0.17104603125077514
29,0.9679656443186104,0.029228098589337947,0.9831134425889811,0.027296980767076207,0.17166177072356378
30,0.9690294191241264,0.02816123412387206,0.9827806748315263,0.02762620931996851,0.1738835008605359
31,0.9711429183371365,0.02604161585904241,0.9822489186692319,0.028152351511958273,0.17425081127856107
32,0.96535573923029,0.03184556075483014,0.9818465222144138,0.028550472931739845,0.17539643034659363
33,0.9632102034520358,0.03399732110176634,0.981469576622929,0.0289234243609392,0.17501771268355049
34,0.9638424429576844,0.03336324337557717,0.9809504585070631,0.029437054489332537,0.1768416051672594
35,0.9650601895991713,0.03214196307157324,0.9808042566039726,0.029581700165678182,0.17565523804374733
36,0.964241367764771,0.032963165141999706,0.9805715341228226,0.029811962466462005,0.17612206940513114
37,0.9638381234835833,0.03336756993410184,0.9802516500446027,0.030128463045026144,0.17732350920587656
38,0.9604041902348399,0.03681147663425144,0.9798420819496166,0.030533698956836552,0.17885266943918268
39,0.9621920003555715,0.03501847522751711,0.9794245030369161,0.030946842136648778,0.18052870595612472
40,0.9589586784131825,0.03826117175019261,0.9791397744705178,0.031228574790276076,0.1811931238637958
41,0.9605604915414006,0.03665471334667658,0.978836116702339,0.031529009379543504,0.18219232987014633
42,0.960897755343467,0.03631646899180807,0.9785252940427855,0.03183652746755483,0.1832332337499788
43,0.9599044432397932,0.03731267244209868,0.9782344511859646,0.03212429447407106,0.18447730260848758
44,0.9581546131521463,0.03906756586345295,0.977862060448203,0.032492745323481564,0.18419714508773147
45,0.9561133570969105,0.04111474214833355,0.977467649910379,0.03288296308842675,0.18517562927266962
46,0.9560561401303858,0.04117212645472801,0.9771204165797981,0.03322655305496247,0.18603547491898323
47,0.9601847480516881,0.037031546555792993,0.9769063532323358,0.03343832093131327,0.18779796542893099
48,0.955050777643919,0.0421803993059543,0.9764326757893672,0.03390700577117334,0.1889465915145973
49,0.9564510798081756,0.040776044491946384,0.9759880374733444,0.03434692279626361,0.1895538629041859
50,0.954545606393367,0.04268704027752934,0.9757564060859066,0.0345760908562015,0.18950872250336948
51,0.9559881163295358,0.041240342431000054,0.975407353955516,0.03492144148789644,0.19048818300398118
52,0.9553352403454483,0.041895113150742125,0.9751458799856474,0.035180170122157794,0.1922959754027162
53,0.9524165689945221,0.04482223972539778,0.9747335800256538,0.03558809088892667,0.19332148195046744
54,0.9527241224423051,0.044513802756261045,0.9744061238012877,0.03591210101617148,0.19307533808323593
55,0.9522285177372396,0.04501084469601235,0.9741893718741823,0.03612655334296655,0.19366377267939425
56,0.9504046281799674,0.04684001218330358,0.9738934079631472,0.036419372723293875,0.19358172726115103
57,0.9472409200388938,0.050012894364449334,0.9735746231237349,0.03673478955098497,0.19485074523648202
58,0.9508683038875461,0.04637499950893953,0.9733101884116773,0.03699642061317987,0.19611975010144223
59,0.9512809943407774,0.045961115325081625,0.9731971828922404,0.037108210045987966,0.19682024002506873
60,0.9502530875615776,0.04699200630437261,0.9728511676025018,0.03745058230660714,0.1972897739269309
61,0.9452665771823376,0.05199296242367413,0.972517549497084,0.0377806676564314,0.19793024120179298
62,0.9500688291154802,0.04717679304360578,0.9723799840713955,0.03791678185707603,0.1979467084938362
63,0.9492412144318223,0.048006803853768654,0.9721733112344514,0.03812126179324282,0.19880857222344675
64,0.9455659780651331,0.05169269932642084,0.9718924135391511,0.03839917494277301,0.19901280607942576
65,0.947690854780376,0.049561664962057606,0.9716030679835873,0.0386854594068784,0.1997143868052081
66,0.9449026160873473,0.052357981220092165,0.971379855483145,0.03890630693643127,0.20004057021853877
67,0.944557584123686,0.052704015760956735,0.9709815098170015,0.03930043172134112,0.20132242508406484
68,0.9456454457249492,0.05161300435666649,0.9707634169744712,0.039516216056071474,0.2011596859465029
69,0.9446651716716588,0.05259612157223503,0.9705425588720423,0.03973473370841196,0.20123343248900857
70,0.9445012910291553,0.052760469866518056,0.9703009500917776,0.03997379396857015,0.20183557390799572
71,0.9450031192973256,0.05225718778895694,0.9702320667870048,0.040041941589491925,0.2021887647900343
72,0.9438247398938984,0.05343897737856462,0.9700246809051349,0.040247126630435726,0.20221787425127932
73,0.9429788279812783,0.05428735504507498,0.969851272405212,0.04041871153931542,0.20291725553936726
74,0.9436184351798147,0.05364588459936148,0.9695502777341635,0.04071651048961633,0.20343332678844225
75,0.9413033304736018,0.0559677049119367,0.969282175169275,0.04098177655007329,0.20375788285841995
76,0.9423914917279035,0.05487638578126319,0.9689794549015803,0.04128128981843571,0.20513516389222208
77,0.9376111663877964,0.05967056865863685,0.9688180344694705,0.04144099027820258,0.2051285186637923
78,0.9394491869024932,0.05782721983315753,0.9686289067498761,0.04162814049702124,0.2055849340663471
79,0.9422225009184331,0.05504586838640291,0.9683835668177533,0.04187085103091204,0.20626336575556858
80,0.9388076846953481,0.05847058463609478,0.9681765081360028,0.04207572165522977,0.2066161361328028
81,0.9412566497921944,0.05601451375427213,0.9680897940537475,0.042161522444505106,0.20710503558537482
82,0.9406082653440535,0.05666478320474222,0.9680001693798194,0.04225019608158942,0.2077665764511691
83,0.9406839848961681,0.05658884916901619,0.9678525003123248,0.04239630487025248,0.2077397318548623
84,0.9384459825232625,0.05883333312319461,0.9676004858235722,0.04264565707621859,0.20826517634832042
85,0.935883040074259,0.061403709947773555,0.9676084448617513,0.042637791250515145,0.20840057261343345
86,0.9370285221375525,0.06025490429762026,0.9672560391628551,0.04298646266722561,0.20899287412805118
87,0.933861315716058,0.06343129589847574,0.9670073157580903,0.04323254349627215,0.209299910949551
88,0.933909953571856,0.06338250877113016,0.9668170633171755,0.04342077746512363,0.20932541889298834
89,0.936391277005896,0.060893994260712625,0.9666860519007044,0.04355040838178259,0.21034713818913
90,0.9340731881093234,0.06321880714380324,0.9665274746886924,0.043707309680065864,0.21044302944746457
91,0.9347398565150797,0.06255020959225155,0.9663193652896314,0.0439132190213577,0.21074452224123835
92,0.9339954727329314,0.06329674334160007,0.9660667399187214,0.04416315292081774,0.21128443790786886
93,0.9321507844142616,0.06514678645118,0.9660212430446656,0.044208190221820653,0.21123031648011825
94,0.9325990485958755,0.06469722640081998,0.9659396730556088,0.04428888303556322,0.21161161621369462
95,0.9321912676095963,0.06510617988550937,0.9658590342836766,0.04436865491951636,0.21152387475691894
96,0.9308975080493838,0.06640369550007308,0.9657102828493579,0.04451584962212396,0.21184055045257602
97,0.9336045878008008,0.06368876818868652,0.9653468963982362,0.04487539857471712,0.21277713519211047
98,0.9316242849454284,0.06567481412987675,0.9651787241474485,0.04504177480472693,0.2133064384633316
99,0.9357574132736772,0.06152969850066847,0.965092800604884,0.04512678117827695,0.21343856579598752
100,0.9314772509969771,0.06582227037730759,0.9650507207147199,0.045168406758583024,0.21356293839501742
101,0.9283028666395694,0.06900586131938358,0.9648171873311405,0.04539948688622841,0.21424617342477748
102,0.9229902629740536,0.0743338638365848,0.9646561081785292,0.04555886458939251,0.21431284926117355
103,0.932972299400717,0.06432288541802089,0.9646217112078092,0.045592886884013084,0.21453768232631154
104,0.9278754100669175,0.06943455561222522,0.9645699380722902,0.045644097417513296,0.214254616215298
105,0.9249760424718261,0.07234233218785446,0.9645971757368439,0.0456171724914447,0.21424082090516025
106,0.9306809967383742,0.06662083397521557,0.9645367520445437,0.04567694597478911,0.21457687039845658
107,0.925647733034566,0.07166868776060342,0.9643791413062837,0.0458328994221906,0.21503003789104805
108,0.9312665318138897,0.0660336054973587,0.9642188637474213,0.04599145972543994,0.21551901381419375
109,0.9280237702187151,0.06928575716861352,0.9641082756923082,0.0461008760816346,0.21566816969013552
110,0.9240402546711266,0.07328082833565774,0.9641076694644911,0.046101490616643925,0.2156940700191363
111,0.925795208197087,0.07152078451439836,0.9641939543002171,0.04601612230997498,0.2157270538992786
112,0.9252189709804952,0.07209869136576041,0.9639420111392288,0.04626538913209943,0.2160154582130671
113,0.9207906173542142,0.07653988866632722,0.9638622243442787,0.04634431838834885,0.21619458968564392
114,0.9238788913935423,0.07344266030645763,0.9639459569725308,0.046261491177263525,0.21603606032809147
115,0.9261961169540882,0.07111871492743371,0.9638314088883779,0.04637481264527876,0.2161822383905707
116,0.92424231255427,0.07307818363639884,0.9639159374088122,0.04629118935984,0.21597385888051512
117,0.927056573331356,0.07025576857428639,0.9638393310409107,0.04636697805380319,0.21650684721000477
118,0.9215785805135965,0.0757496363675827,0.9637195888294017,0.046485450475542534,0.21651767818227527
119,0.9246481391601264,0.07267118062637168,0.96368007138626,0.04652455678536982,0.2167372260280697
120,0.9237970493268222,0.07352473740686116,0.9634697091701614,0.04673268882243364,0.21733369131797542
121,0.9163739746436477,0.08096933124915984,0.9635695454665892,0.04663391479681933,0.21697478244221305
122,0.9217727668583393,0.075554890038117,0.9632358584769357,0.0469640661780768,0.21767002446657793
123,0.9228165198583156,0.07450811660780432,0.9632429337722607,0.04695707707905261,0.21763272580384785
124,0.9196755359880626,0.07765819699598919,0.9631223794947373,0.04707634930594451,0.21794814932798215
125,0.9197561538312584,0.0775773457535921,0.9631190146394565,0.04707967294750348,0.2180089867919306
126,0.9173396457917988,0.08000086286227936,0.9630502361736977,0.047147721376233465,0.21827158330655688
127,0.9181603780016303,0.07917775395742177,0.9630129806235571,0.04718458659999758,0.21833909856957573
128,0.9142312409821898,0.08311827788296289,0.9628581973969965,0.04733772151780902,0.21868024086598586
129,0.9171252301894128,0.0802159000925321,0.9629668172479782,0.04723025173916584,0.21870623031526493
130,0.9177317444700748,0.0796076288868297,0.9627328356514331,0.047461755066284916,0.2192141248652763
131,0.9159047326538712,0.0814399352551034,0.9625531846340136,0.04763951562762514,0.21955604279394778
132,0.920161517104134,0.07717080637945761,0.9624121289185746,0.04777907561213002,0.21986701355295502
133,0.9142187004908919,0.08313085465113734,0.9623665746797755,0.047824152396155895,0.2200051514249812
134,0.9184741610661149,0.07886305635358393,0.9622135182134461,0.04797557168227007,0.22022507716909587
135,0.913638275815174,0.08371295985470117,0.9623944660464167,0.04779654727887761,0.2203387219037697
136,0.9197550481185317,0.07757845456546697,0.9622471794493318,0.04794228393807698,0.22039834305650227
137,0.9129021181724966,0.08445126040386752,0.9622455632296814,0.04794387454898341,0.22051230675008596
138,0.9133261765819043,0.0840259629314174,0.9622030449006661,0.04798594024020042,0.22068140207134967
139,0.914776561781764,0.08257137573809215,0.9619728607803277,0.04821370062079677,0.22101974405515495
140,0.9152452351991087,0.08210135596052714,0.9619214186847588,0.04826458946743184,0.22110046849443202
141,0.9076775794383138,0.08969094386857801,0.9620292893033193,0.048157860364171357,0.22149292301145285
142,0.9188335496000946,0.07850263444999839,0.9619054673298677,0.048280372729423315,0.22132155060365966
143,0.9130163721274585,0.08433666732510581,0.9618387314213259,0.048346382135596166,0.22136170055015908
144,0.9151570536196232,0.08218977833535235,0.9617841910478137,0.04840035312368318,0.2213955371449117
145,0.9129095799289644,0.08444376806946485,0.9616993068194262,0.04848434022682779,0.2222019661012535
146,0.9126490955241024,0.08470500881168785,0.9617955528741468,0.04838911135551027,0.22157567921319085
147,0.9103737236000597,0.08698697504122888,0.9618010402249383,0.04838369292997935,0.22180641663495088
148,0.9145933610852808,0.08275510565105682,0.9616860463713482,0.04849746751228212,0.22212853374567287
149,0.9126887619495392,0.08466522984601565,0.9617039797770331,0.04847972344691398,0.222262317175521
150,0.9063846075441688,0.09098766971683847,0.9616610283616579,0.048522234500367856,0.22215503679287826
151,0.9102077179122716,0.08715346964949011,0.9616055013843721,0.048577160933588104,0.22236310417428823
152,0.9038322172127664,0.09354745436710943,0.9617066115737253,0.04847712329556153,0.22211703269179806
153,0.9088386713992804,0.08852647938866032,0.9615700476456992,0.048612232044377035,0.2224389987857865
154,0.9083364843390882,0.08903011658668591,0.9615972992732735,0.048585270439618244,0.2227824836145662
155,0.9097829195670784,0.08757949093909312,0.9616585003567533,0.0485247136413115,0.22259118948114898
156,0.9087015322875232,0.08866402581730126,0.9614863190899947,0.04869507928780614,0.2230722217748864
157,0.9048376481514424,0.09253910898738871,0.9615174768726206,0.04866424749388476,0.2229073870866048
158,0.9037288343533874,0.09365112874375559,0.9616475382218889,0.04853557052417079,0.2231850659083539
159,0.902301010908559,0.0950830964747692,0.9617628425199733,0.048421487500971194,0.22298349618459334
160,0.9066330196801573,0.0907385255770572,0.961572087643029,0.048610230729189796,0.22299945938589405
161,0.9048103329259902,0.09256649755289437,0.9615079829493868,0.048673641228870856,0.22306491018690305
162,0.9039515359327197,0.09342778202677848,0.961479910761627,0.0487014079734398,0.22304419611409707
163,0.9078030574601144,0.08956509966395965,0.9613750293930895,0.048805191567168116,0.22360676687257772
164,0.902358265593648,0.09502567586950506,0.9613112453834902,0.04886830318018265,0.22361802150230312
165,0.9053101725876331,0.09206520641806393,0.961400353192934,0.04878013083460808,0.22351488719790083
166,0.9046608139760792,0.09271644684174085,0.9614084913068541,0.04877209740467181,0.22396184033597988
167,0.9032585034146905,0.09412282261000382,0.9613628294364367,0.04881725941103432,0.22403556133630517
168,0.9048913195729256,0.09248528118723509,0.961320813078017,0.04885882649821072,0.2238171213029879
169,0.8991829510778189,0.09821018842312346,0.9613112432890372,0.048868302234041594,0.22394975494715952
170,0.902506859973073,0.09487665409362278,0.9612121191066669,0.048966387442246795,0.22424551400225712
171,0.8990143607370555,0.09837927487902742,0.9612458058250655,0.048933048685083746,0.22408658283755845
172,0.9013019988778979,0.09608500874323445,0.9613147838456623,0.0488647933587818,0.22422255552691053
173,0.9007682416122407,0.09662031251837266,0.961306963390464,0.04887252490809568,0.2242943660961171
174,0.9052785891108215,0.09209688983640218,0.9614452154476972,0.048735747781526007,0.22398767972612757
175,0.9037965259049088,0.09358324246102634,0.9610714605228095,0.04910552986292349,0.22507509506614856
176,0.8994101679418236,0.09798231656236922,0.9611571941682919,0.04902070568032624,0.2245049605024625
177,0.9023226262070239,0.09506141599086193,0.9611479788073218,0.049029838962732386,0.2247252694422754
178,0.8980299599934369,0.09936652319570194,0.9612201457491382,0.04895842465936773,0.22470785438244462
179,0.8983814737293869,0.09901400418309625,0.9612127979421918,0.04896572027993806,0.22532029200100506
180,0.8982638057786971,0.099132005310274,0.9612988452902068,0.0488805811653068,0.22479016050244083
181,0.8994875396601856,0.09790472170048126,0.9613407280690616,0.048839126333276806,0.22429963590992022
182,0.8994267391972244,0.09796569642678221,0.9612088336078872,0.04896962334609967,0.22483077964179005
183,0.8951435524504632,0.10226130954472112,0.9613454161532743,0.04883448397565482,0.22533042866767736
184,0.8928491368424147,0.10456236744047964,0.9612598312139627,0.04891916680194841,0.2253965458044848
185,0.8989190708380193,0.09847483821955738,0.9611873233417234,0.04899090755088753,0.22526275055790296
186,0.8995462814345956,0.09784582161985012,0.961218192555254,0.04896035658996978,0.22529847860856242
187,0.895047640427947,0.10235750000784505,0.9612371792381365,0.04894157359593598,0.2254637511991931
188,0.8961969907395542,0.10120481281567306,0.9613836557473014,0.048796661121730756,0.22555426668618106
189,0.895929807331413,0.10147276895309298,0.961423187851615,0.0487575482111694,0.22533438192749095
190,0.89822943136096,0.0991664777423451,0.9614216072376673,0.04875910531447947,0.22532562354077296
191,0.8950899599585682,0.10231505909531569,0.9614056028232975,0.048774940304164294,0.22571863768258454
192,0.8921551972161978,0.10525832630926468,0.9614581656839977,0.04872293228149294,0.22508876129638533
193,0.8954751745332032,0.10192871625738587,0.961509028314206,0.048672597833867015,0.22499309345425775
194,0.8937152416910976,0.10369375378828316,0.961462352728483,0.048718793791476145,0.22579335028725322
195,0.893707393668592,0.10370162786097525,0.9615148399561542,0.0486668634813191,0.22543572745492643
196,0.8935555946081877,0.10385387580850614,0.9615001515564888,0.04868139012591677,0.2256868769973475
197,0.8923892660532147,0.10502357566237042,0.9615434913765576,0.048638506655620306,0.2255051540204777
198,0.8925364406313747,0.10487597306542429,0.9615233846266948,0.04865840088439455,0.22554356306119416
199,0.893873741151765,0.10353480023406081,0.9614378476270877,0.0487430501279148,0.22566790084520794
200,0.8976121312007308,0.09978557029101787,0.9614690086677518,0.04871220941992904,0.22547641656698966
201,0.8963141262065619,0.10108733885712917,0.9614761884530153,0.04870510878165102,0.2253744415598731
202,0.8897751064505428,0.10764530773570102,0.9614126972014174,0.0487679270197664,0.22563319826643896
203,0.8920613988302648,0.10535239793138307,0.9614144060424388,0.04876622577764378,0.22557016076388892
204,0.8993506680708379,0.09804199103182465,0.961372256802605,0.04880793854194676,0.22574741431565587
205,0.8924956030678004,0.10491693142473035,0.9614049298056979,0.04877559781364371,0.22584436673590283
206,0.8999223448336124,0.09746866055691139,0.9614368280938569,0.04874404825210732,0.22576014799679076
207,0.8920210865326226,0.10539282495167124,0.9614792349514233,0.04870208770857154,0.22576311108411284
208,0.8940336029045284,0.10337447774417552,0.961517729603296,0.04866400432800244,0.2256988674567434
209,0.8957149859052151,0.10168821096952074,0.9614959524107188,0.04868554813458703,0.22576251609790318
210,0.8894761265255511,0.10794515867478316,0.9615056976683259,0.04867590704457314,0.2257903394513368
211,0.889687729999423,0.10773294629484576,0.9615040530572,0.048677525150300105,0.22582380050416223
212,0.888457820750773,0.10896642714812499,0.9615097606746437,0.048671889885520514,0.22570130370117414
213,0.8945943636354059,0.10281209081637555,0.9615065985158806,0.04867501309273292,0.22577203649119912
214,0.8892744244076312,0.10814744433079981,0.9615004894615907,0.04868105143451873,0.22578045517357304
215,0.8941742565948516,0.10323340915108559,0.961475068386035,0.0487062302177782,0.22585552606806505
216,0.8954542479477823,0.10194970592470165,0.961464755531635,0.04871642006825594,0.22583433491870528
217,0.8877922107931226,0.1096339532492121,0.9614584328431278,0.048722676454566405,0.22594382026023316
218,0.8905999050475657,0.1068181201102284,0.9614246293007891,0.04875611345833952,0.22588504498678974
219,0.8883778497111052,0.10904662175019164,0.9614303608880851,0.04875044353765767,0.22599607222527487
220,0.893413359997794,0.10399651556100387,0.9614208867457973,0.048759819215869915,0.22601381435277004
221,0.8965266430750489,0.10087420938615932,0.9614123879205081,0.04876823355060422,0.22605374587722155
222,0.8891012780368328,0.10832109617590535,0.9614107430766652,0.048769845105578136,0.2261229601699404
223,0.8893833274487406,0.10803823118382949,0.9614316687576941,0.048749157280230215,0.2260906407092392
224,0.8946620016358793,0.10274425195644021,0.9614165489006881,0.04876411483551846,0.22606710843688138
225,0.8946002831216902,0.10280614850176728,0.9614221008304504,0.04875861788927638,0.22605817755195737
226,0.8914797881152481,0.10593569024979121,0.9614147981706045,0.04876584130080519,0.22605120570298295
227,0.8923759202007204,0.10503696115883021,0.9614155712565193,0.04876507401447505,0.2260285921198679
228,0.8908626500051469,0.10655461672007194,0.9614215413787529,0.04875917395932117,0.22611465559768582
229,0.895447465358302,0.10195650868719264,0.9614047115171404,0.048775822362802645,0.22608507243089007
230,0.8948416817001998,0.10256404665969421,0.9613997162464714,0.048780761946516815,0.22606905970187857
231,0.8876008344814181,0.10982589347580973,0.9613973539360795,0.04878310870274272,0.22607193461941608
232,0.8914090930484235,0.10600658979155941,0.9613987290609052,0.04878173599322633,0.22606289109035255
233,0.8941954718902707,0.10321213460451528,0.9613966541560235,0.04878379063985627,0.22604809453812552
234,0.8869603101629764,0.11046827331383768,0.9614014246220587,0.048779069948658105,0.22602801628151745
235,0.8898358293808997,0.10758441467303137,0.9613948894629192,0.0487855461789648,0.2260506217109066
236,0.8938540436793119,0.10355455604035801,0.9613965929514493,0.04878385166493493,0.22605763446688926
237,0.8976385786663741,0.09975904886854081,0.9613909940128503,0.0487894008082006,0.22606306431111664
238,0.8893187285866588,0.1081030133679809,0.9613893282244763,0.04879104074562424,0.22607797259866
239,0.8851027395576239,0.11233122761970715,0.9613968736081661,0.04878358202921396,0.22608109479587446
240,0.8936888137832284,0.10372026208926877,0.9614019708088865,0.048778537948236944,0.22604930407174142
241,0.8912426687311381,0.10617350143013893,0.9614031434699115,0.048777370127738084,0.22606395841481827
242,0.8911552785430104,0.10626114336210402,0.9614063079558447,0.04877424760174931,0.22606334433057618
243,0.8954877471551299,0.10191611414407975,0.9614074778242656,0.04877309150478237,0.22605964946025742
244,0.8946588267572224,0.10274743464372915,0.9614056240005456,0.048774917453284994,0.22605442343260096
245,0.8835199875757098,0.11391856818783652,0.9614070321711871,0.04877352282407377,0.2260709320495001
246,0.8884670881088823,0.1089571301258957,0.9614106509207283,0.048769960291333625,0.22605854185221091
247,0.889953937381506,0.10746596477662151,0.9614139368849419,0.0487666892287143,0.2260600980679888
248,0.8890594658441842,0.10836303413257642,0.9614164325421819,0.048764224966049596,0.2260549717403668
249,0.8904108009301126,0.10700777134898265,0.9614159894489904,0.04876466816619818,0.22606764233196885
250,0.888351738685742,0.10907280345733661,0.9614207150006422,0.04875997846215463,0.2260639687879788
251,0.8936934149824083,0.10371564722995819,0.9614224638689897,0.04875824859908684,0.22606086687024946
252,0.8919494175352156,0.10546470357610149,0.9614230256478573,0.048757713662590296,0.22605359712916143
253,0.8889554822817445,0.10846732137305526,0.9614234105617957,0.04875731839754682,0.22605413630833346
254,0.8925160807557404,0.10489639669698692,0.9614237342711598,0.04875698430498454,0.22605290459480734
255,0.8958227310795337,0.10158015875958426,0.9614236081385391,0.04875713312173713,0.22605070497035676
256,0.888894384726882,0.10852859165894368,0.9614247549679757,0.04875598953212312,0.22605064213040846
257,0.8934733658097684,0.10393632804129393,0.9614232257844879,0.04875750441347437,0.22605376320733514
258,0.8931722710840404,0.10423830389338562,0.961423190411502,0.048757531115051655,0.22605696070107145
259,0.8924959430005401,0.10491659505893713,0.9614232855927601,0.048757442903036075,0.22605508543582292
260,0.8892509154975414,0.10817102254744737,0.9614241398969122,0.04875661223119343,0.2260569375024224
261,0.8932932624593377,0.10411695610230542,0.961424685152872,0.04875605671203942,0.22605904088731785
262,0.8900024178437889,0.10741734561790117,0.96142532791726,0.04875541711421927,0.22605517773414613
263,0.8933200603350997,0.104090086318676,0.9614271649853552,0.048753614230302555,0.2260523735868435
264,0.8951235832646489,0.10228133352767066,0.9614283274068316,0.04875245481037227,0.22604872603329182
265,0.8966311702970415,0.10076937043116407,0.9614286827657094,0.04875210983041378,0.22604716294898106
266,0.8930271780118346,0.1043838222740553,0.9614282268730823,0.048752559919963745,0.2260490883197134
267,0.8899769210256636,0.10744291887540258,0.9614281544980915,0.048752623435748266,0.2260465826604044
268,0.8878622378688306,0.10956372573062012,0.9614283904731419,0.04875240533080849,0.2260470997683424
269,0.8894404119346291,0.10798098130604517,0.9614278198510278,0.04875296034596688,0.22604874187530336
270,0.8934105441439897,0.10399933997613608,0.9614284190973345,0.048752364880745525,0.22605301330733146
271,0.8933008750900626,0.10410932583620625,0.9614289331692146,0.04875186756988281,0.22605127418610693
272,0.8921975204721093,0.10521587849123182,0.961429150526904,0.048751643340161466,0.22605275404307582
273,0.8921255180612206,0.1052880912990215,0.9614281919655304,0.04875258399662841,0.2260568388122975
274,0.8904170657042414,0.10700149470326026,0.9614288433404479,0.04875194232435498,0.22605868838119145
275,0.888722040457651,0.10870143503068153,0.9614287381523583,0.048752032733154205,0.22605853760312675
276,0.8872917140834033,0.11013591261714306,0.9614291472688659,0.048751655332018085,0.22605942597944487
277,0.8896140337456018,0.10780684729062129,0.9614290707049689,0.04875172951847151,0.22606014087761195
278,0.8912528660148382,0.10616326482028815,0.9614292575767297,0.04875153449378444,0.22606001609146462
279,0.8899573627859354,0.10746252894483233,0.9614294444484907,0.0487513519948809,0.22606006111759164
280,0.8901302285958081,0.10728916377362085,0.9614299529351625,0.048750850662769074,0.22606115765475537
281,0.8927485507447273,0.1046632494412697,0.9614299864464123,0.048750810523185306,0.22606272594513238
282,0.8922294490039349,0.10518386009292235,0.9614299906353185,0.0487508049875619,0.22606409884456186
283,0.8914400679059327,0.10597552681808542,0.9614296850778813,0.04875110903760749,0.22606359538367074
284,0.8965262232813984,0.10087462712723849,0.9614297846807626,0.04875101348234201,0.22606324337207093
285,0.9002706920728087,0.09711930417751835,0.961429962941994,0.04875084866265045,0.22606353013585423
286,0.890941116027534,0.1064759272682696,0.9614298631063958,0.04875093586077506,0.22606578583146164
287,0.8921656848397106,0.10524780559717128,0.961429622477005,0.048751188686884994,0.22606645062160788
288,0.8879311063792557,0.10949466214773229,0.9614298135376721,0.048750995615765236,0.22606697610916532
289,0.8941793907433748,0.10322826496672366,0.9614299326887824,0.048750860826438536,0.22606639155708555
290,0.8922193862963468,0.10519394280974703,0.9614300087872455,0.04875078420520784,0.22606721341223698
291,0.8911544827278703,0.1062619369206339,0.9614300334552488,0.04875077392767224,0.2260680018960227
292,0.8879754634108394,0.10945017475353624,0.9614302298684071,0.04875057843017172,0.2260649299916211
293,0.8938896763138473,0.10351881181057554,0.9614301304982429,0.04875067654401766,0.22606819611034337
294,0.895710333250463,0.10169288452120095,0.9614299084862131,0.04875089490077622,0.22606673221179174
295,0.893063614377752,0.10434728024014184,0.9614297309231328,0.048751061968960174,0.22606603985926707
296,0.8929276531562209,0.10448363100470026,0.9614300441602314,0.04875075404496143,0.22606630805387185
297,0.890505479183048,0.10691282406970981,0.9614297714158929,0.04875103295658356,0.22606632059731505
298,0.889226645231247,0.10819536426856946,0.9614298586847725,0.048750936191762406,0.22606599871562988
299,0.8932386341039091,0.10417174655913397,0.9614300455565334,0.048750746367275166,0.22606476432724798
300,0.8897818592377007,0.10763854798331596,0.9614300311280787,0.04875077005003681,0.22606521425747161
301,0.8918453082442284,0.1055691115341566,0.961430133290847,0.0487506564456065,0.22606512802654
302,0.8939570728689432,0.10345122804850304,0.9614298624082447,0.04875093280804521,0.22606634800212602
303,0.8914067482110113,0.10600893593512739,0.9614295149617453,0.048751275533340466,0.22606657827531312
304,0.8856323009822518,0.11180012745140899,0.9614298791638696,0.04875092874757636,0.22606728042023472
305,0.8878357398789376,0.10959030562224192,0.9614300455565334,0.04875076340846751,0.22606933054031858
306,0.8891902549657971,0.10823186255771866,0.9614301877466279,0.048750612802374804,0.22606847635519361
307,0.8942232599947602,0.10318426649385604,0.9614302817643009,0.04875051480297454,0.22606726903249916
308,0.8892928317654878,0.10812898998783305,0.9614302065967059,0.048750603952634086,0.22606853440578809
309,0.8910325393080711,0.10638424059580343,0.9614301374797533,0.048750665736048915,0.2260677449702912
310,0.8921202283818275,0.10529338776247887,0.9614301647076436,0.04875063355200149,0.22606798604341405
311,0.8940246351994574,0.1033834636505121,0.9614303539065747,0.0487504486953404,0.22606703952756924
312,0.8906463328748941,0.10677156090934681,0.9614306564386906,0.04875015386551296,0.22606638713247537
313,0.8880769512616098,0.10934839676480002,0.9614307092654525,0.04875009411533293,0.22606720139423245
314,0.8966116448864341,0.10078895907726348,0.9614303853233713,0.04875042345497804,0.22606591174117827
315,0.8886917906347662,0.10873177191245487,0.9614305668426409,0.0487502387898513,0.22606578746816536
316,0.8954871755558997,0.10191668320475633,0.9614305773149064,0.04875023929581135,0.22606579180378358
317,0.8892959866207093,0.10812582237907631,0.961430132825413,0.048750676029751916,0.22606525544121453
318,0.8877124995924532,0.10971390365101608,0.9614298570557535,0.048750957112005056,0.22606599148981982
319,0.8942064996808767,0.10320107351204288,0.9614296476104424,0.04875114575911521,0.22606671105867998
320,0.8914218430873007,0.1059938042566465,0.9614297870079327,0.04875101684027139,0.22606806205346902
321,0.8922493306454271,0.10516391759810573,0.9614297460497385,0.04875105591555762,0.22606647905869928
322,0.8957472140900791,0.10165589612330972,0.9614297469806066,0.0487510505067591,0.2260680984325253
323,0.8919580869842321,0.10545600848945103,0.9614299731815426,0.048750830567587444,0.22606827397921203
324,0.888250800780952,0.10917403994468278,0.9614299871445633,0.0487508192452385,0.22606875995298892
325,0.8876588954590261,0.10976766020297779,0.961429867295302,0.04875093926539753,0.22606980392426787
326,0.8969487112481147,0.10045090751317098,0.9614296718130116,0.04875112118863223,0.22606927912084887
327,0.8945650258101523,0.10284150540164061,0.9614297572201551,0.04875104517936113,0.2260683078637998
328,0.8961469819769263,0.10125496155633462,0.9614296999717701,0.048751111702323935,0.22606732318541936
329,0.8898077681660652,0.10761255533772662,0.9614295128672923,0.04875129094558939,0.22606974331167956
330,0.89192039007321,0.1054938148851794,0.9614296450505552,0.04875116185974948,0.22606919302173634
331,0.8908793770242482,0.1065378378131403,0.9614297672269867,0.04875103794420865,0.22606776337370976
332,0.8919314795639366,0.10548268818771145,0.961429774441214,0.04875102195331338,0.2260691941567299
333,0.8883851550053805,0.10903929739803642,0.9614302631469399,0.04875052768549448,0.22606777348468265
334,0.887717298232019,0.10970909346056268,0.9614299873772804,0.04875082636726369,0.22606845111559978
335,0.8905077802482992,0.10691051334999468,0.9614302391770876,0.04875056696230806,0.22606887926997524
336,0.8955273642204702,0.10187638000933974,0.961430036713287,0.04875076090132047,0.22606961513550522
337,0.8881423640996218,0.1092827884479286,0.961430530538787,0.04875028936003811,0.2260709541698657
338,0.8933741457294673,0.10403584243932162,0.9614301747144752,0.04875062866758351,0.22607078757397042
339,0.8973145028576255,0.10008406244005186,0.9614301768089283,0.048750623961562045,0.22607187048400304
340,0.8887860106769949,0.10863727520276745,0.961430246158598,0.048750558101327335,0.2260727758648794
341,0.8904343019239604,0.10698420714579915,0.9614298230790697,0.04875097560148678,0.22607250767674528
342,0.8906553881242871,0.10676248626451879,0.9614298577539044,0.04875093712213674,0.22607192647279412
343,0.8931255114730448,0.1042851939231394,0.9614295435859379,0.04875124848261947,0.22607141622082055
344,0.8894751241896302,0.1079461711714299,0.9614293851056525,0.04875141859662668,0.22607152548202075
345,0.8929093608167022,0.10450197525194005,0.9614295670903561,0.04875123497865508,0.22607288223570632
346,0.893851101398468,0.10355750240652639,0.9614292720051845,0.04875152046686271,0.2260709595367371
347,0.8902363884262741,0.10718269424759397,0.9614293774259911,0.04875141137814909,0.22607227770408894
348,0.8944114332552999,0.10299554813998468,0.9614292727033356,0.048751509629612055,0.22607292304280333
349,0.8904387492220849,0.10697974741785732,0.9614291277206368,0.04875165885618238,0.22607492790549974
350,0.8887308544944972,0.10869259557095623,0.961429526830313,0.0487512747572727,0.22607431384082438
351,0.8888271977193654,0.10859596955970463,0.961429622244288,0.04875117832041065,0.22607527831690147
352,0.887678621802479,0.1097478798239011,0.9614300492800056,0.048750762936655034,0.22607492621348807
353,0.8883765456266701,0.10904793385773492,0.9614299501425584,0.048750853434910035,0.2260749971677597
354,0.8889253025408834,0.1084975816695889,0.9614299115115343,0.048750890014126136,0.2260752144435655
355,0.8933616664726287,0.104048351755751,0.9614297069532804,0.04875109002120226,0.22607867074689875
356,0.8940777932293713,0.10333014837550003,0.9614291379601854,0.048751648515867885,0.2260787762907969
357,0.8902317527681589,0.107187347447121,0.9614296129356075,0.04875118171581394,0.2260786131695176
358,0.8925206821877509,0.10489178465783144,0.9614297386027941,0.04875105594370854,0.22607925856352187
359,0.8976907625328749,0.09970670966128015,0.9614297551257021,0.0487510426048523,0.22607752301463835
360,0.8931837484706193,0.10422679499130583,0.9614300080890944,0.048750789095530656,0.22607843092390473
361,0.8885388302151114,0.10888518232243338,0.9614301200259773,0.048750684837225555,0.2260774575099827
362,0.8910757370758802,0.10634091762824349,0.9614303937011838,0.04875040686339738,0.22607581278462605
363,0.8925545641686767,0.10485780119785748,0.9614305005182925,0.048750297099573126,0.22607528868706844
364,0.8889343570917845,0.10848850467231386,0.9614309247614059,0.04874988881563469,0.22607785422582172
365,0.8836444991175085,0.11379370077980411,0.9614309827079419,0.04874982388332516,0.22607684226367936
366,0.8928417824208736,0.1045697444268594,0.9614306012847588,0.04875021576346905,0.22607682012157973
367,0.8864178922958672,0.1110122641624477,0.9614301623804735,0.04875064614451263,0.22607627839061875
368,0.8952580110635608,0.10214651311536327,0.9614298135376721,0.04875099257290505,0.22607779344801254
369,0.8933195900171995,0.10409055227503583,0.9614292903898285,0.04875151219776197,0.22607861383397798
370,0.8924808651208878,0.10493171098981624,0.9614291063106718,0.04875168722193146,0.22607802662609283
371,0.8881708008702844,0.10925427417251954,0.961428827515691,0.048751965319438595,0.2260785974321732
372,0.8911635032854974,0.10625290014300892,0.9614285003155717,0.04875228501002804,0.2260816803118715
373,0.8890665953513235,0.10835587823692416,0.9614288547435814,0.04875192537232531,0.2260810481018327
374,0.8859355847816914,0.11149597068772077,0.9614285275434622,0.04875225689644502,0.22608238314251689
375,0.8903071272652596,0.10711175512177884,0.9614289124574005,0.048751889591513,0.22608214045267608
376,0.8880472157616168,0.10937821390326208,0.9614292757286567,0.04875150377314941,0.22608173420833605
377,0.8902328221593052,0.10718626867219172,0.9614294025594284,0.04875138947702473,0.22608117175945133
378,0.8896748661063612,0.1077458441585164,0.9614291060779547,0.04875169063918838,0.22608188838432489
379,0.8886321240570396,0.10879160988140568,0.9614289522520096,0.0487518516825699,0.22608333829666596
380,0.890095611102879,0.10732388760482692,0.9614290129911498,0.04875177746902626,0.22608532251638422
381,0.8879564714152366,0.10946921587750924,0.9614295242704258,0.04875126705895716,0.22608264264166011
382,0.892593908123672,0.10481834680467894,0.9614301088555607,0.04875068905125346,0.22608313707768535
383,0.8889136053621769,0.10850931452584389,0.9614304830645165,0.048750329459034014,0.2260820287106703
384,0.8863917719572783,0.1110384577536857,0.961430453044022,0.048750353755271925,0.22608290277381263
385,0.8924818015657365,0.1049307758823822,0.9614304248852634,0.04875037402556659,0.2260836301113238
386,0.8895651027560234,0.10785592210618766,0.9614303448306112,0.048750453076291334,0.22608387492224016
387,0.8941527805291116,0.10325494817121261,0.9614302701284503,0.048750543186296125,0.22608514109721645
388,0.8898027034010738,0.1076176400545551,0.9614304511822859,0.048750351822752114,0.22608534625889387
389,0.8957874937914312,0.10161550318444235,0.961430547992563,0.048750257769197614,0.22608855536722755
390,0.887372731231153,0.11005465503943024,0.9614306408466509,0.04875016083013839,0.22608873423777534
391,0.8894956787116826,0.1079255556679698,0.961430588019889,0.04875022433976128,0.22608917546689034
392,0.8923841824289411,0.10502866808622124,0.9614310494977244,0.04874976759826477,0.22608977866311522
393,0.8909994729328901,0.10641739670278105,0.9614309729338274,0.04874984890884493,0.22609095143235455
394,0.8944580112583935,0.1029488280956895,0.9614308461030557,0.04874995215232869,0.2260912007529934
395,0.8892934024333954,0.10812841395263251,0.9614305882526061,0.04875022285697472,0.2260900792615044
396,0.8927154215052724,0.10469647185710562,0.9614305286770509,0.04875026154151918,0.2260929306522846
397,0.8886376461014152,0.10878606834862614,0.9614302340573133,0.04875056548560153,0.22609176308171333
398,0.8932238901033998,0.1041865373489047,0.9614299769050147,0.048750817225306275,0.22609263786590406
399,0.8942098678089678,0.10319769649384625,0.9614297879388007,0.04875101067857601,0.22609155439872675
400,0.8929355791769922,0.10447567767696919,0.9614298084178978,0.04875099350330436,0.2260922594097306
401,0.8937992150895298,0.1036095379855706,0.961429961778409,0.048750844904441704,0.22609305157644155
402,0.8892767243087292,0.10814514235895234,0.961429999478565,0.048750808980322025,0.22609206054006348
403,0.8921875834930688,0.10522583633641303,0.9614301186296752,0.048750688687865806,0.22609267011733283
404,0.8931046084035188,0.10430615790635789,0.9614303089921913,0.048750490676473746,0.22609156213302808
405,0.8885371761862189,0.10888683210411976,0.9614302913056983,0.04875050709431994,0.2260922437380368
406,0.892719270195812,0.10469261989145007,0.9614302889785282,0.04875053024945952,0.22609043302591453
407,0.8976455475203693,0.09975205815065269,0.9614301877466279,0.04875060968290279,0.22609041265672813
408,0.8934024814516306,0.10400742049472556,0.9614298535649982,0.04875095136014884,0.226091723674118
409,0.8905773172155023,0.1068407853517841,0.9614301190951092,0.0487506765359752,0.22609185518712624
410,0.8947339607402682,0.10267208694727459,0.9614301321272619,0.04875066557744345,0.22609202983415433
411,0.8893155315890908,0.10810621938213683,0.9614300879110296,0.04875071478973858,0.22609143808544718
412,0.8942880721297115,0.1031192607292073,0.9614301626131906,0.04875064107945082,0.22609184749506014
413,0.8898364750202745,0.10758376579131168,0.9614301619150395,0.04875063176500094,0.22609080973106843
414,0.893861283082515,0.10354729118820749,0.9614306003538907,0.048750208773117865,0.22609067723927487
415,0.8924125442281365,0.10500023277431092,0.9614309154527254,0.048749893450349524,0.22608977642943334
416,0.8887036722153425,0.10871985562959052,0.9614308028176914,0.04875000037440291,0.22609084954530614
417,0.8934924702625722,0.10391717590413951,0.9614312817493027,0.048749534617523405,0.2260906706645161
418,0.8878024849109352,0.10962364996511309,0.9614316336174253,0.04874918550807683,0.22609076596483002
419,0.8962608375586569,0.10114078225420653,0.9614321898110847,0.04874864644937649,0.2260898979314316
420,0.8907714104279876,0.10664612233906279,0.961432194232708,0.04874862834870708,0.22609071131853953
421,0.8930342658422887,0.10437670704078994,0.9614321286065105,0.04874867889672285,0.2260904971884448
422,0.8913441698532552,0.1060716985701935,0.961432290344834,0.04874854531883743,0.22608978711669125
423,0.8918005912564695,0.10561395759573045,0.9614321798042532,0.048748653272586706,0.2260901604698315
424,0.89390903362073,0.10349940163333571,0.961432044595669,0.048748774034930054,0.22609216442221935
425,0.8945522252470255,0.10285434622257716,0.9614320299344973,0.04874880109167312,0.2260917512579017
426,0.8910698937252164,0.10634677214715993,0.9614317858143514,0.0487490287343455,0.22609211721708417
427,0.8913175880443305,0.10609835484015562,0.9614316510712012,0.048749173315995376,0.22609340275123563
428,0.8864922877401114,0.11093765350822249,0.9614318239799414,0.04874899959344958,0.22609336970834035
429,0.8912292905151844,0.10618691653440027,0.9614319920016242,0.04874882490566901,0.22609335819718865
430,0.8905951615888625,0.10682288763267656,0.9614320508790284,0.04874876720538923,0.22609338363217799
431,0.8922333673108369,0.10517992420781386,0.9614320017757387,0.048748822529736224,0.2260948690188999
432,0.8936859238892794,0.10372315552996147,0.961432252179244,0.048748572693315784,0.2260949966613022
433,0.8951244414784014,0.10228047207974278,0.9614320015430218,0.04874882882870879,0.22609465795856673
434,0.8945512901991606,0.10285528594929993,0.961431891467875,0.04874893304577277,0.22609652236327654
435,0.8879730028565973,0.1094526340735954,0.96143202504744,0.04874879177040137,0.22609864609871289
436,0.8948905258439481,0.10251506609037997,0.9614320767106167,0.04874874075751656,0.2260982644283804
437,0.8980105712544173,0.09938598103997542,0.9614318693597588,0.04874896059154343,0.22609866994765904
438,0.8929048380814493,0.10450651192038174,0.9614317495104975,0.048749076613627707,0.22609828562688575
439,0.8899165070615709,0.10750350902921135,0.9614317097158883,0.04874911770933765,0.226099538823338
440,0.8924695940222591,0.10494302274942524,0.9614312819820198,0.04874953775065627,0.2260979796019554
441,0.8886821763589978,0.1087414091282688,0.9614313210784778,0.048749485731797715,0.2260979193000369
442,0.8934489167295396,0.10396085946204503,0.9614316031314967,0.048749213033620564,0.22609859275043298
443,0.8879781838040799,0.1094474408805376,0.9614320513444624,0.04874878233479274,0.22609738461176132
444,0.8897276765201241,0.10769288978497493,0.9614321346571528,0.04874868885409367,0.22609780131557763
445,0.8971488631796092,0.10025018068899327,0.9614316026660626,0.04874922418252814,0.22609962492995947
446,0.8886528671719134,0.10877080346061296,0.9614317488123464,0.0487490747774777,0.2261010197850529
447,0.8892627300228924,0.10815917767460514,0.9614319526724492,0.0487488647354658,0.22610032694011276
448,0.8921728786081076,0.10524059164644894,0.9614319584903745,0.04874886965041836,0.22610078173950743
449,0.8899902580305934,0.10742953670325195,0.9614321642122133,0.048748660137359234,0.22610146466521835
450,0.8929276554845273,0.10448362397947564,0.9614320411049139,0.048748785460560384,0.22610392156119258
451,0.8918130577076226,0.10560145278779243,0.9614323282777071,0.04874849849273877,0.22610127681521633
452,0.8930825146380812,0.10432831627993089,0.9614323627198249,0.04874846421450185,0.2261019936114435
453,0.8912085858173668,0.10620767330234848,0.9614324713986696,0.04874836443535546,0.22610269254736703
454,0.8909703120589256,0.10644663926398934,0.9614323606253717,0.04874846608571215,0.22610137159175944
455,0.8918702653609216,0.10554408632475942,0.9614323387499726,0.048748488981966376,0.22610253948027004
456,0.893601807532832,0.10380751996697224,0.9614320431993669,0.0487487853329962,0.22610294842614795
457,0.8915328136645257,0.10588251080926891,0.9614322570663013,0.04874857736217009,0.2261015289072727
458,0.8943757538218051,0.1030313244581309,0.9614320727544275,0.048748751155444525,0.22610159238962527
459,0.8927017976529896,0.10471014364546705,0.9614318865808177,0.04874893045021744,0.22610307420254716
460,0.8891833312809467,0.10823879967244665,0.9614318702906268,0.04874894811126673,0.22610144538814173
461,0.8932200332637876,0.10419040108431887,0.961432138613342,0.048748674818818505,0.22610159957435477
462,0.8900551926344633,0.10736442030912052,0.9614322768472473,0.048748537610341036,0.22610178156658714
463,0.8914881797973067,0.10592727499197474,0.9614323706322033,0.0487484579817965,0.22610361360039882
464,0.8890012123156339,0.10842145295362327,0.9614322724256241,0.04874855333298456,0.2261030811252576
465,0.8916620025411248,0.10575294674877123,0.9614323911113004,0.04874843501640802,0.2261038016185171
466,0.8921883390285075,0.10522509020254112,0.9614322219260324,0.04874858936746673,0.2261044702423729
467,0.8925448493100703,0.10486754190928282,0.9614319666354699,0.04874884820939196,0.22610564939865957
468,0.8882758221589029,0.1091489459698981,0.9614318563276061,0.0487489599629265,0.22610748865524585
469,0.8983000819571316,0.09909562337877509,0.9614319031037256,0.04874891554844252,0.226106420653676
470,0.8946069336961955,0.10279948104723402,0.9614323385172556,0.04874849049704244,0.22610594034543288
471,0.8888370525091887,0.10858609379691853,0.9614323885514132,0.04874844244800236,0.22610468536537373
472,0.8916125416290015,0.10580255301399133,0.961432460693687,0.04874837789412367,0.22610531249319837
473,0.892633659299463,0.10477847875533164,0.9614324679079144,0.048748351529655176,0.22610518286942902
474,0.8900171499699354,0.10740257127532171,0.9614323878532622,0.048748450784996566,0.22610502662593648
475,0.8894624011591077,0.10795893068110063,0.9614327204058728,0.0487481144811619,0.22610624488913908
476,0.8916745036840439,0.1057404136136264,0.9614328854022345,0.04874794822222195,0.22610706334391953
477,0.8915914588142186,0.10582369142994463,0.9614329545191871,0.04874787788880264,0.226107211288427
478,0.890141551848501,0.10727780640083528,0.9614331332458526,0.04874768890704961,0.22610705280549423
479,0.8910515385214239,0.10636518300372066,0.9614332810211554,0.04874755069976777,0.22610762898832693
480,0.8889167690649629,0.10850614389541124,0.9614333987759637,0.048747436772242914,0.22610856810258026
481,0.889910940779373,0.10750908477501486,0.9614333445528997,0.048747487927013,0.2261096687096571
482,0.8926574122160673,0.10475465674551987,0.9614335055930723,0.04874732140768001,0.2261102838020537
483,0.8881299940403551,0.10929519639895413,0.961433802074546,0.04874705002523916,0.22611044418887663
484,0.8936665852088481,0.10374255232851759,0.9614339228546753,0.04874691905211803,0.2261106940597085
485,0.8909152916166931,0.10650182203344649,0.9614338376802488,0.04874701614018517,0.22611190741135054
486,0.8952431313227862,0.10216143704082492,0.9614337164346854,0.04874711458534198,0.22611129500778313
487,0.8925467147491872,0.10486567190067553,0.9614336787345295,0.048747160813636725,0.22611111889103752
488,0.8913102673832327,0.10610570626166249,0.9614337001444946,0.04874713987785617,0.22611258244220575
489,0.8907268177717924,0.10669085106514731,0.961433839309268,0.04874699211255307,0.22611159194587638
490,0.8914936438668519,0.10592179795791834,0.961433746222463,0.04874708008833706,0.22611109018664188
491,0.8883999036625028,0.10902450803358787,0.9614335744773079,0.04874726439382504,0.2261097789157053
492,0.8883696738630533,0.10905482186257631,0.9614335772699121,0.048747258414048034,0.2261093593949873
493,0.8895012312568724,0.10791998588275886,0.9614334895355984,0.0487473390599199,0.22611086265820904
494,0.9007123121991754,0.09667639628049418,0.9614332067844285,0.04874762309485414,0.22611052594951733
495,0.8916849242523313,0.10572995712014177,0.9614331092760003,0.048747724679939264,0.2261106994365389
496,0.8899702420458198,0.10744961537998665,0.9614331897960866,0.04874764651687513,0.22611002494045201
497,0.8913446716032922,0.10607119720016667,0.9614331099741513,0.04874772730025834,0.22611217103580838
498,0.8917876714840531,0.10562691550967696,0.9614335896039137,0.04874725243703548,0.22611335280329475
499,0.8897050330415368,0.10771558999908082,0.9614336540665261,0.04874718877782014,0.2261138326571295
500,0.8905746128875762,0.10684349236764124,0.961432913095559,0.0487479273527186,0.22611413543236297
501,0.895302923861891,0.10210147199990383,0.9614329410216004,0.048747882857313685,0.22611345760894383
502,0.8941326572094113,0.10327513019458989,0.9614333196521795,0.048747519350890944,0.2261137195175567
503,0.8895493492018431,0.1078717264300002,0.9614332635673795,0.04874757661172735,0.22611372021131843
504,0.8919053366407752,0.10550891047659239,0.9614328928491789,0.048747934461777276,0.22611411232303552
505,0.893031665822491,0.10437931632567043,0.9614337734503534,0.04874705940197854,0.22611383346124092
506,0.8932436313480139,0.10416673297088974,0.9614338430327402,0.04874700604621551,0.2261141338014187
507,0.8932343423366547,0.10417605483417336,0.9614339100552396,0.048746928550490565,0.22611205718847635
508,0.8927912255749106,0.10462044787105718,0.9614340771460544,0.0487467711732934,0.22611383103922805
509,0.8945053215138614,0.10290138580474162,0.9614342139836577,0.04874662755509862,0.22611148990518998
510,0.8908866324927658,0.10653057021969858,0.9614342486584926,0.04874660886386262,0.2261117334714274
511,0.8946453197859228,0.10276098352453711,0.9614342803080063,0.04874656774509023,0.22611276986494336
512,0.8925756190437824,0.1048366859421993,0.9614339693980778,0.04874687316467319,0.22611213604738664
513,0.893814745824784,0.103593959630643,0.961434333134768,0.04874651539779851,0.22611018101352634
514,0.8924801896791905,0.10493238550691675,0.9614346698762848,0.04874619047148543,0.22611087436235683
515,0.8927981299348176,0.10461352494179399,0.9614347427167097,0.04874610474413621,0.22611032921978214
516,0.8966222151648253,0.10077836404415397,0.9614346887263628,0.04874616448149871,0.22610959585006715
517,0.8923815779853612,0.1050312877263091,0.9614345272207563,0.04874631581145983,0.22611087103805086
518,0.8920900677330792,0.10532364175520514,0.9614347026893836,0.0487461519958845,0.22611071284358855
519,0.8883884772658348,0.10903596161397267,0.961434977295458,0.04874585932824782,0.22610923691486992
520,0.8902648172806948,0.1071541898890398,0.9614353342833549,0.04874551903952562,0.22610922989163768
521,0.8845950879622251,0.11284034940072651,0.9614356272740734,0.04874524724395668,0.22611137350960583
522,0.8899954543448985,0.1074243221021629,0.9614357043034045,0.04874516833817499,0.2261122696920122
523,0.8937263968400657,0.10368256563415557,0.9614353584859242,0.048745501908256106,0.2261121016127571
524,0.8908899696543813,0.106527216285777,0.9614359696007985,0.04874489831784301,0.22611110310391555
525,0.890965161845088,0.10645180898496509,0.9614357459597497,0.04874511025140871,0.2261112000310144
526,0.8905657734721899,0.10685235518258951,0.9614355479175722,0.04874531130682769,0.22611067910421098
527,0.8910056501626968,0.10641120486944466,0.9614356354191689,0.04874521957859723,0.22610974468946451
528,0.8900863558519632,0.10733316347633026,0.9614360952679851,0.04874476757433044,0.22610903247928799
529,0.894292444223538,0.10311488323034934,0.9614359945015188,0.048744875133867493,0.2261093570543099
530,0.8895882770884782,0.10783268183894046,0.9614360380196001,0.04874482211301723,0.22611100301800235
531,0.8917781680356711,0.10563644735002642,0.9614360624548864,0.04874481079834181,0.2261122872000286
532,0.8942396838683635,0.1031677930336703,0.961436262591517,0.048744602735641296,0.2261114291232478
533,0.8897478457074612,0.1076726541780414,0.9614364815782256,0.04874440500002597,0.22611065604976388
534,0.8859674572013319,0.11146400847456073,0.9614366258627732,0.048744247800123874,0.2261106266467758
535,0.8889225714374334,0.10850032572896673,0.9614367857393606,0.04874408691338017,0.22611071566317015
536,0.8905159919522703,0.10690227492426996,0.9614368751026934,0.04874399830459675,0.22611090935343695
537,0.893100205110386,0.10431057521368303,0.9614370242742982,0.04874385658005076,0.22610957344099122
538,0.8883185803424567,0.10910606768915954,0.9614370912967978,0.0487437894217827,0.2261094975579284
539,0.8916143591050059,0.10580073276210578,0.9614373465873602,0.04874353658713404,0.22610986712895625
540,0.8922692651394755,0.10514392713665954,0.96143713318586,0.04874373602386284,0.22610958522129426
541,0.889591931598261,0.10782901616453755,0.9614372418647047,0.04874362824707634,0.22610952974048334
542,0.8903871229849756,0.10703152203666433,0.9614375046022117,0.048743370505757055,0.2261119964215637
543,0.8921337593346834,0.10527981619972104,0.9614379414120438,0.0487429329871405,0.2261115392598825
544,0.8884165419731289,0.10900782166691247,0.9614383947447837,0.04874249415175047,0.22610972733963994
545,0.8879832981619984,0.10944232446230284,0.9614383940466327,0.04874249082153126,0.22611173694917533
546,0.8893934555817395,0.10802806937173504,0.9614384843408335,0.048742410065076736,0.2261119392247599
547,0.8906555543653667,0.10676231438969697,0.96143843942645,0.0487424400601556,0.22611149877794737
548,0.891837170580402,0.10557727079615731,0.9614383751965546,0.04874251126781959,0.22611210271738716
549,0.8985424279235303,0.09885257526818303,0.9614386949497296,0.04874218083340598,0.2261112722737071
550,0.8872858500108123,0.1101417803902166,0.9614388969480963,0.04874200579272925,0.22611182960258458
551,0.892842378700152,0.10456915076533169,0.9614389381390074,0.048741958452814704,0.22611175580059495
552,0.8907705305609852,0.10664701024511147,0.9614393074609059,0.04874159605880923,0.2261135212266615
553,0.8890717783942819,0.10835068506701384,0.9614398534150168,0.0487410636269352,0.22611218947948017
554,0.8909081281162798,0.10650900881940994,0.9614404324149434,0.04874047671489512,0.22611164626495736
555,0.9001975790597498,0.09719262590843059,0.9614407370415124,0.04874017500098826,0.226110536169039
556,0.8893736926838756,0.10804789520005353,0.9614404321822264,0.048740485577066006,0.22611060564194552
557,0.8881340348161757,0.10929114852442356,0.9614406011347773,0.04874030895079695,0.2261113213648593
558,0.8921648992691189,0.10524859192520952,0.9614402862686596,0.04874062261237333,0.2261113400271643
559,0.8926390598062426,0.1047730611444746,0.9614402013269502,0.048740725891320835,0.22611196704517134
560,0.8868874546606094,0.11054134303073804,0.9614402809161684,0.04874063667337425,0.22611236327195988
561,0.8934190685395151,0.10399078693548369,0.9614405625037533,0.048740366321156636,0.2261087010193798
562,0.8916695001535118,0.10574542803654008,0.9614403356046662,0.04874056951189276,0.22610792375384708
563,0.8941694032400846,0.10323828421176118,0.9614405038590662,0.04874040590685458,0.2261075326112576
564,0.8931644633412361,0.10424613537268335,0.9614406258027806,0.04874029188590612,0.22610582301235024
565,0.8894025227054954,0.10801897910463953,0.961440481983667,0.04874042638727416,0.22610546246021432
566,0.8956091925501823,0.10179431773237102,0.9614407454193249,0.04874016865655184,0.22610467704402262
567,0.8902416350319982,0.10717743397152535,0.9614410200253994,0.04873989207066798,0.2261039828297326
568,0.888891328824684,0.10853165219905325,0.9614408296628834,0.04874009666213441,0.226106734323425
569,0.8912322288379073,0.1061839648158227,0.961440897616251,0.04874000753321184,0.22610645845667962
570,0.8877627686597407,0.1096634864881868,0.9614412159731238,0.04873970610670009,0.2261067472563294
571,0.8894064428750426,0.10801504757627478,0.9614412108533495,0.048739705685987844,0.22610900309407084
572,0.8916961420327425,0.10571870789526305,0.9614414870884431,0.04873943572206196,0.22610922988849425
573,0.8916137260384858,0.10580136020783149,0.961441786362521,0.04873913677166519,0.2261085795760205
574,0.8902020794339478,0.10721710722430433,0.9614415110582955,0.04873942698143563,0.22611103917443104
575,0.8898257887922227,0.10759448283759454,0.9614416213661592,0.04873930424821282,0.2261106571436184
576,0.892253105295822,0.10516013219644682,0.9614414954662556,0.048739430304067355,0.2261118203031137
577,0.8923728670924902,0.10504002242058263,0.9614417018862454,0.048739225541393205,0.22611305672693788
578,0.8881150844972581,0.10931015481766382,0.9614419501952977,0.04873898098184015,0.22611309142509398
579,0.8896351205185056,0.10778570493444861,0.9614419734669989,0.04873895529506589,0.22611548552382055
580,0.8915317868813872,0.10588353975015252,0.9614419818448113,0.048738940350015025,0.22611568257067766
581,0.8860830324701965,0.11134809142545732,0.9614424307559281,0.04873850658816847,0.22611538227516775
582,0.8915055294055492,0.10590987098780558,0.9614427549307262,0.04873818586049283,0.22611572608760777
583,0.8882073885761201,0.10921758021127481,0.9614425899343644,0.048738338216086086,0.2261151815840983
584,0.887888451339677,0.10953743846639585,0.9614425764367777,0.04873835490531253,0.22611562100995178
585,0.8887437465600669,0.10867966285986441,0.9614426872100755,0.04873824820440542,0.2261146640818635
586,0.8929797902237624,0.10443133712130381,0.9614424870734449,0.04873844880036493,0.22611503045959339
587,0.8915976043790579,0.10581753165451024,0.9614423299894617,0.04873860282783704,0.2261154731831183
588,0.8929203352890909,0.10449096420648762,0.9614426983804921,0.04873823856263826,0.22611519787540932
589,0.8894168925471604,0.10800456204332987,0.9614430388454811,0.04873789685082497,0.22611740140158482
590,0.8928117246832699,0.10459989402199199,0.9614430376818961,0.048737896316047746,0.22611656814781367
591,0.891917357686907,0.10549684784485669,0.9614426630075062,0.04873827174926393,0.22611722425922853
592,0.8926871521398425,0.10472482860283439,0.961442921788824,0.048738009805718185,0.2261165549533779
593,0.8927761532831937,0.10463556645074334,0.9614430064978164,0.04873793138642524,0.22611648869517256
594,0.8927730419673026,0.10463868773697582,0.9614430123157417,0.048737933025831515,0.22611725399244056
595,0.8894826946780086,0.10793857199253365,0.961443167072555,0.0487377771644123,0.2261174875894229
596,0.8892838209867477,0.10813802306108822,0.9614430700295608,0.04873786466756158,0.22611863562559026
597,0.8901488790288568,0.10727046113708794,0.9614436690431505,0.04873729804493865,0.22611847722543887
598,0.892959245480597,0.10445194515852163,0.961443773300372,0.048737168653768315,0.2261182041566812
599,0.891128818038851,0.10628767741433065,0.9614440416230872,0.048736911805882244,0.22611823621503896
600,0.8909102454781532,0.10650688785154794,0.9614441405278173,0.048736804107329834,0.22611851710570235
601,0.8889547646977007,0.10846803884867706,0.9614444667970686,0.04873649917931633,0.22611919074227801
602,0.885751957539469,0.11168013120716558,0.9614445924642553,0.048736359539482965,0.22611959013996158
603,0.8869219906628132,0.11050670258492312,0.9614449543392094,0.048736019575879364,0.22611693620253628
604,0.8885717145167291,0.10885219785841982,0.9614450262487662,0.048735930867656374,0.2261178865298396
605,0.8948291223496199,0.10257664316811521,0.9614447411704261,0.048736215824954576,0.22611756145436893
606,0.8915984134655446,0.1058167214514425,0.9614447798014502,0.04873618952959169,0.2261182194571759
607,0.8916922479402274,0.10572261637305613,0.9614449215261106,0.04873603183262021,0.22611833574230886
608,0.8909484278410673,0.10646858521912739,0.9614448859204078,0.04873605897667199,0.2261181708607747
609,0.8902552912477404,0.1071637429926986,0.9614454493282946,0.048735501223450384,0.2261173156376149
610,0.8937222906388342,0.1036866859036123,0.9614451228263263,0.04873583713744545,0.22611692368284772
611,0.8893195388372988,0.1081022034754997,0.9614451991575064,0.048735764036395124,0.22611693899313837
612,0.8926481204107404,0.1047639731763893,0.9614452864263859,0.04873568267580464,0.22611589192980394
613,0.8933352851308882,0.1040748125069938,0.9614455645232156,0.04873539492677548,0.2261155806902855
614,0.8931589622516185,0.1042516514139753,0.9614452403484175,0.04873573605383752,0.22611547888192712
615,0.8896032699849457,0.10781765094663265,0.961445343209337,0.04873561277318772,0.22611495525451436
616,0.8948239451274276,0.1025818400635321,0.9614458661244636,0.048735101377447076,0.2261142208359004
617,0.8919085420202464,0.10550569496581086,0.9614462852478027,0.048734687049040604,0.22611356753757553
618,0.8882246047724038,0.1092003148763363,0.961446631763434,0.04873434776043317,0.22611378738011406
619,0.888872699579224,0.10855034003688635,0.9614469326665309,0.04873405092866434,0.22611377541667332
620,0.8919025990180671,0.1055116615433136,0.9614472296134386,0.04873375455404272,0.22611430868814889
621,0.8909221203066409,0.10649497378114225,0.9614472489289506,0.04873373085534605,0.22611454925893823
622,0.8870470747351646,0.11038125252423392,0.961446989682199,0.04873398560927067,0.22611522214555624
623,0.8901799810118973,0.107239265216998,0.9614471279161043,0.04873386568917637,0.22611455871410965
624,0.8951121717691422,0.10229277961107919,0.9614472177448711,0.048733755001511225,0.22611408820418172
625,0.8903859176207334,0.10703273450595208,0.9614475610024642,0.048733429293310704,0.22611298390043577
626,0.8902768804691732,0.1071420895089551,0.9614473336379431,0.04873365145462338,0.22611463845608398
627,0.8904392796102911,0.10697921527749965,0.9614474325426734,0.048733549600770254,0.22611509307703778
628,0.8923784594517201,0.10503441899670518,0.9614474197432377,0.04873357891502805,0.22611449596366112
629,0.892342013772577,0.10507096672080285,0.961447408107387,0.04873357398001654,0.2261137061592455
630,0.8836595437023789,0.11377860446361854,0.9614476638633837,0.0487333341822922,0.2261151642926688
631,0.8899198255967349,0.10750017403996104,0.961448220057043,0.048732774123949274,0.22611557920580744
632,0.8951456469949335,0.10225920171779002,0.9614475884630717,0.04873338990446163,0.22611483546923844
633,0.8888704490382224,0.10855259161967679,0.9614477236716558,0.04873326248896237,0.22611514878402045
634,0.8885466835927218,0.10887730443829569,0.9614476052186965,0.04873337402090727,0.22611638508183596
635,0.8946358244866133,0.10277050822801148,0.9614474674502252,0.048733536696394575,0.22611688522734377
636,0.887658198364079,0.10976835574960231,0.9614474292846352,0.048733559037793306,0.22611670282641855
637,0.8907897211611271,0.10662775359232435,0.9614474746644526,0.04873351210958787,0.22611542208260513
638,0.8894891026429832,0.10793214871471124,0.9614471500242204,0.0487338393627178,0.2261166815319031
639,0.890109219122678,0.10731022972558668,0.9614475246986103,0.048733470402961276,0.22611585603203016
640,0.8928093537688255,0.10460227008723244,0.9614474620977339,0.04873353043542439,0.22611696167789724
641,0.8946719453670084,0.1027342855590867,0.9614470415780927,0.048733946405841055,0.2261187137316149
642,0.8900789574254304,0.10734058499582888,0.9614470823035699,0.0487338972245589,0.22611856621711404
643,0.8897648314014077,0.10765562706625842,0.9614475614678982,0.048733425619191584,0.22611866428240993
644,0.8945643482729793,0.10284218736189266,0.9614480006049004,0.04873299263090691,0.226118276555614
645,0.8890560062136501,0.10836649487190098,0.9614477401945636,0.04873325395761108,0.2261182191079688
646,0.8899140770081431,0.1075059431797557,0.9614479663954996,0.04873303491600178,0.22611607075679788
647,0.8918859204277396,0.10552838261801434,0.9614479098452656,0.048733082685537554,0.2261149943740862
648,0.8899015630595386,0.10751849357839516,0.9614483061623376,0.04873268901053607,0.22611669942414028
649,0.8919344826135784,0.1054796760080785,0.9614486335951739,0.048732367349815675,0.2261175733862343
650,0.894561184104532,0.10284536278700995,0.961448351309438,0.04873264402069266,0.22611837729808437
651,0.8910877627786249,0.10632885533061975,0.9614484313640902,0.048732558158174455,0.22611946189196977
652,0.8937151650898159,0.1036938309179366,0.9614486975923522,0.04873229790981337,0.22611873302048652
653,0.8909264751709998,0.10649061558956407,0.9614489631224633,0.04873204592417191,0.2261189050870471
654,0.8952271228190511,0.10217749189540071,0.9614490815754225,0.048731928207509156,0.22611961369538985
655,0.8906942636240274,0.10672348930028908,0.961448901917889,0.04873211246444742,0.22612151018421447
656,0.892554605845362,0.10485776079120956,0.9614492146895536,0.04873178644111453,0.22612385028347998
657,0.8935572074260563,0.10385224905601531,0.9614489186735139,0.04873207648909261,0.22612385780724711
658,0.8888624012470245,0.10856066443968948,0.9614492067771752,0.048731806153503365,0.226123107027015
659,0.890607378911227,0.10681063088641174,0.9614498898016063,0.04873111658154594,0.22612382392528574
660,0.8898975832853466,0.10752248591272673,0.9614500508417788,0.04873096834132906,0.22612390495115706
661,0.8910002985503525,0.10641656882006023,0.9614500883092177,0.048730927309446836,0.2261234989982983
662,0.8939197361469269,0.1034886647236194,0.9614500247774734,0.04873098057607783,0.22612339780444274
663,0.893048363737762,0.10436256542759881,0.9614499026010419,0.04873110730421548,0.22612413744790905
664,0.8896026907023042,0.10781822780124906,0.961450073182612,0.04873093689032426,0.2261237816513313
665,0.8894081411417574,0.10801334195375467,0.9614506514843875,0.048730375243452695,0.226124037856397
666,0.8876835047267377,0.10974297674184874,0.9614505260499179,0.04873049398077023,0.22612308565638775
667,0.8899597390554845,0.1074601459642276,0.96145052744622,0.04873048659423129,0.2261213349838285
668,0.8890565116889775,0.10836600166348609,0.9614505935378515,0.04873043093422558,0.22612229997276012
669,0.890213911421597,0.10720524100893913,0.9614503491849885,0.048730658192936316,0.2261222764529758
670,0.8908866981510073,0.10653050339066183,0.9614505402456557,0.04873047657184082,0.22612241472088587
671,0.891055709682405,0.10636099985536507,0.9614505995884938,0.048730434928805355,0.22612069274501406
672,0.8937427268829197,0.10366619310894287,0.9614505516487892,0.048730471806878506,0.22612216439698613
673,0.892973669571802,0.10443747818770477,0.9614506030792489,0.048730416472310134,0.22612329190737065
674,0.8906036540865898,0.1068143653344844,0.9614507880892738,0.04873022660189075,0.22612389912847558
675,0.8915492868982255,0.10586599444197498,0.9614505435036939,0.04873047208050285,0.22612303734580846
676,0.8868547270540148,0.1105741644103323,0.9614508001905584,0.04873022384818093,0.22612273921431164
677,0.888026591623202,0.10939890019425569,0.961450755043458,0.04873027178892486,0.22612223586011476
678,0.8933570845983922,0.10405295447751017,0.9614507010531111,0.04873032249059561,0.22612309418753404
679,0.8916025515645742,0.10581256633941516,0.9614507606286663,0.04873025375631901,0.22612258727668755
680,0.8947669772896916,0.10263897546832257,0.9614507403822862,0.04873027834297183,0.2261219918261131
681,0.8923794289585203,0.10503343960967981,0.9614507706354978,0.048730252727668066,0.22612043717055288
682,0.8865406885743141,0.11088911533939139,0.9614509502930313,0.048730078995000814,0.2261216013963592
683,0.8911959482356906,0.10622035183750822,0.9614506726616356,0.04873034736525417,0.22612103241136164
684,0.8893877521622926,0.10803379626946885,0.9614508385888654,0.04873017089552767,0.22611979387687126
685,0.8936380522791296,0.10377116997284541,0.9614511315795838,0.04872989596440358,0.2261203515948638
686,0.8919593435712159,0.10545474421243706,0.9614512940160584,0.04872973308784523,0.22612114017334528
687,0.8885777951218188,0.10884609311002846,0.9614516956856217,0.04872934306048493,0.2261222465341058
688,0.8890297829639167,0.1083927999238754,0.9614514978761612,0.04872953201244434,0.22612212067325627
689,0.8922406169585884,0.10517265521679686,0.9614519081562539,0.048729125412346086,0.22612181083025426
690,0.8960834764875472,0.10131865839510579,0.9614518674307768,0.04872917072950267,0.22612082448747184
691,0.8912654118612409,0.10615069763905816,0.961451739203703,0.048729288992212516,0.22612143257814513
692,0.8915268548298627,0.10588848752789992,0.9614519239810108,0.04872910235115213,0.22612163020542067
693,0.8927369136363268,0.10467492427672731,0.9614519069926689,0.048729127428927876,0.22612245006800888
694,0.8908215386327356,0.10659585551625805,0.9614519835565659,0.0487290589804652,0.22612286367769244
695,0.8924112673848867,0.10500151360391796,0.9614522179025973,0.048728806489902965,0.22612280535043106
696,0.8921020049601793,0.10531167153803256,0.961451852304171,0.048729186925809964,0.22612462111917955
697,0.8933922939468175,0.1040176388366334,0.9614513680200684,0.048729670054488916,0.22612400198729737
698,0.8895835427101701,0.10783743065512552,0.9614512342077863,0.04872979057826765,0.22612466928094388
699,0.8873898205347359,0.11003752058025129,0.9614514306209447,0.048729602654491444,0.2261248542061134
700,0.8904616197105497,0.10695681225907006,0.9614518853499867,0.048729149280755224,0.22612486218615097
701,0.8908355806488544,0.10658177261221535,0.9614523773137508,0.04872865750480626,0.22612530013974025
702,0.8932769761886448,0.10413329697473606,0.9614522830633607,0.048728752544607734,0.2261251231955251
703,0.8866656154859811,0.1107638249520232,0.9614523368209906,0.04872869462079377,0.22612395789162057
704,0.8945387110579759,0.10286789911846117,0.9614525178748261,0.04872851127370992,0.22612267001889835
705,0.8892240519635379,0.10819796260447267,0.9614525011192012,0.048728550081990396,0.22612281327943728
706,0.8873844631016254,0.11004288716469357,0.9614526491272211,0.04872838141892999,0.22612290147022399
707,0.894396125106141,0.10301090104887023,0.9614529712075661,0.04872806628603865,0.2261228189273385
708,0.8918210349511355,0.10559345142129795,0.9614527589696509,0.04872828933201934,0.226124777381664
709,0.8873974815942347,0.11002983169219227,0.9614529183808044,0.048728127053597636,0.22612560442304064
710,0.8902513787616044,0.10716766184363746,0.9614525579021522,0.04872849529733736,0.22612666855720046
711,0.8864516322501004,0.11097843070234548,0.9614529162863512,0.04872812392730819,0.2261262880407053
712,0.8913045646622777,0.10611142197137124,0.9614530347393104,0.04872801819172645,0.22612652284467738
713,0.885385193163529,0.11204795611168161,0.9614530796536939,0.04872797020698183,0.2261259151406084
714,0.8956336514092982,0.10176978387484681,0.9614532918916091,0.0487277641332553,0.22612409145666393
715,0.8914922017138451,0.10592324193906621,0.9614537943276387,0.048727247576373034,0.22612436350728046
716,0.8957574286032468,0.1016456521833814,0.9614537747794096,0.048727288314936335,0.22612483988301835
717,0.888941717799753,0.10848111755561729,0.9614537354502345,0.04872731649859774,0.22612492059551043
718,0.8863839616533369,0.11104628742714728,0.961453291658892,0.048727745056685534,0.22612447953848727
719,0.8905048151500523,0.10691349326751165,0.9614533831166779,0.04872766056201161,0.2261259751388529
720,0.891803880687803,0.10561066171284272,0.961453442459516,0.04872760491908823,0.22612681344971342
721,0.892845070688054,0.10456645831453182,0.9614537517404254,0.04872730493164246,0.22612630398369984
722,0.8943897217977792,0.10301732451967704,0.9614538331913797,0.04872722022050768,0.22612530148464358
723,0.892201742855832,0.10521164404458694,0.9614536297967109,0.048727413032748856,0.22612686043631894
724,0.8961358640808612,0.1012661151481582,0.9614537040334379,0.048727351435915,0.2261266059252581
725,0.8932925516273826,0.10411767454449838,0.9614541585297629,0.048726897680498205,0.22612660831669418
726,0.8947827334050089,0.10262316940304406,0.9614544419790838,0.048726623532836744,0.2261256728315654
727,0.8873960073105991,0.1100313056935629,0.9614548175843417,0.04872623546440369,0.2261269311211991
728,0.8961104792542756,0.10129158423683571,0.9614547922181874,0.04872627123892315,0.22612468062359045
729,0.8901536623016,0.10726566137467775,0.9614553609785654,0.048725716566023536,0.2261261266058505
730,0.8940956073347479,0.10331228749374999,0.9614558203619478,0.048725256667861316,0.2261268457456994
731,0.8937765499576926,0.10363226536654924,0.9614558545713485,0.04872521992512169,0.22612388066359548
732,0.8902728324756026,0.1071461484656776,0.9614558790066348,0.04872519405082221,0.2261260210331839
733,0.8900055796839297,0.10741417153187538,0.9614557291368789,0.04872534229624981,0.22612628365283116
734,0.8929445692338049,0.10446666601165022,0.961455806864361,0.04872526091710205,0.22612767124205538
735,0.8890073909424245,0.10841525622805237,0.9614562071376221,0.04872488301844724,0.22612754359015985
736,0.8926034248434007,0.10480879180640035,0.9614565592384617,0.04872453558990297,0.2261268853434561
737,0.8912536548450589,0.10616248238482107,0.9614561806078827,0.04872489281291703,0.22612849594615875
738,0.8931542003992945,0.10425642980872907,0.9614565178148335,0.04872455973080536,0.22613044251119072
739,0.8901739518623799,0.10724531004038873,0.9614568822496748,0.048724204065833776,0.22613131737897016
740,0.887743886327371,0.10968242295209174,0.9614571773348465,0.04872391831232237,0.22613145824527114
741,0.886395457200706,0.1110347609005643,0.9614571817564697,0.04872390208838462,0.22613245947514518
742,0.8865402387455106,0.11088955946006385,0.9614570702850208,0.04872401619622224,0.22613219020822337
743,0.8899697121232748,0.10745014617713244,0.9614574984843234,0.04872360825587152,0.22613171888809394
744,0.8905336332973093,0.1068845885905354,0.9614575180325524,0.04872357986340414,0.22613191730083668
745,0.8894921804312617,0.10792906622013365,0.9614576965265009,0.04872340640965622,0.22613084969692118
746,0.8913188597653061,0.10609708973463994,0.9614577030425773,0.04872340282868326,0.22613090678618944
747,0.8908660118468106,0.1065512494539671,0.9614580362933388,0.048723067879564486,0.22612989090783822
748,0.8873213792685419,0.11010615467165352,0.9614579615911779,0.04872313006843687,0.22613068356092023
749,0.8887654263526201,0.1086579175835739,0.9614577456297905,0.048723336504508996,0.22612968984850684
750,0.892371091293171,0.1050417996073788,0.961457832433236,0.048723271310572414,0.22612793123309985
